claim_id,policy_id,claim_number,accident_date,report_date,close_date,claim_status,cause_of_loss,initial_reserve,current_reserve
1,3,CLM-2023-00001,2023-11-29,2024-01-12,,open,professional_negligence,359516.48,166636.6
2,6,CLM-2023-00002,2023-08-01,2023-08-05,2025-12-31,closed,surgery,38301.24,0.0
3,8,CLM-2022-00003,2022-11-06,2022-11-27,,open,hail_damage,23560.55,1532.12
4,9,CLM-2025-00004,2025-12-01,2025-12-19,,open,vandalism,52779.61,34204.4
5,10,CLM-2022-00005,2022-10-17,2022-10-21,2025-12-31,closed,vandalism,32928.29,0.0
6,11,CLM-2021-00006,2021-06-20,2021-08-04,2025-12-27,closed,theft,33143.02,0.0
7,15,CLM-2021-00007,2021-05-06,2021-05-09,2025-09-18,closed,professional_negligence,61490.75,0.0
8,15,CLM-2021-00008,2021-09-29,2021-10-05,2025-12-28,closed,product_liability,79207.02,0.0
9,16,CLM-2022-00009,2022-09-28,2022-10-30,2025-12-08,closed,hurricane,270529.49,0.0
10,16,CLM-2022-00010,2022-11-28,2022-12-06,2025-12-31,closed,earthquake,87760.73,0.0
11,18,CLM-2020-00011,2020-04-27,2020-05-07,2023-11-28,closed,chronic_treatment,6393.76,0.0
12,25,CLM-2022-00012,2022-02-18,2022-02-24,2025-05-22,closed,theft,36025.49,0.0
13,25,CLM-2022-00013,2022-09-23,2022-10-18,,open,theft,21722.98,2251.55
14,27,CLM-2020-00014,2020-11-26,2021-01-03,2025-12-31,denied,professional_negligence,546846.88,0.0
15,28,CLM-2022-00015,2022-03-29,2022-06-04,2025-11-17,closed,structural_damage,7348.15,0.0
16,28,CLM-2021-00016,2021-12-15,2021-12-19,2025-12-27,closed,earthquake,45146.72,0.0
17,31,CLM-2020-00017,2020-10-07,2020-10-08,2024-06-17,closed,emergency_room,5766.66,0.0
18,31,CLM-2021-00018,2021-03-31,2021-04-01,2025-04-23,closed,hospitalization,32625.25,0.0
19,32,CLM-2023-00019,2023-10-01,2024-02-20,2025-12-31,closed,theft,85439.09,0.0
20,32,CLM-2023-00020,2023-12-24,2024-01-17,2025-12-31,denied,fire,26972.79,0.0
21,34,CLM-2022-00021,2022-05-08,2022-05-11,2025-10-26,closed,maternity,56053.96,0.0
22,34,CLM-2023-00022,2023-02-18,2023-03-12,2025-03-07,closed,surgery,2874.69,0.0
23,34,CLM-2022-00023,2022-05-05,2022-05-15,2025-08-10,closed,emergency_room,15547.15,0.0
24,34,CLM-2022-00024,2022-12-27,2023-01-02,,open,chronic_treatment,89721.4,3834.12
25,35,CLM-2022-00025,2022-04-15,2022-04-16,2025-10-08,closed,collision,58104.15,0.0
26,35,CLM-2022-00026,2022-01-16,2022-01-17,2025-12-31,closed,rollover,37151.9,0.0
27,36,CLM-2023-00027,2023-02-14,2023-02-15,2025-04-12,closed,vandalism,45752.44,0.0
28,37,CLM-2023-00028,2023-05-19,2023-05-23,2025-08-30,closed,emergency_room,14196.14,0.0
29,37,CLM-2023-00029,2023-10-28,2023-10-31,2025-12-31,closed,surgery,33048.71,0.0
30,37,CLM-2023-00030,2023-02-04,2023-04-16,2025-10-29,denied,emergency_room,14555.15,0.0
31,37,CLM-2023-00031,2023-04-13,2023-04-29,2025-07-02,closed,chronic_treatment,25329.5,0.0
32,44,CLM-2021-00032,2021-04-15,2021-04-23,2025-08-01,closed,rollover,64544.14,0.0
33,45,CLM-2025-00033,2025-02-06,2025-02-13,2025-06-28,closed,surgery,2961.07,0.0
34,45,CLM-2025-00034,2025-04-30,2025-05-09,,open,hospitalization,90966.44,53629.27
35,46,CLM-2023-00035,2023-02-27,2023-03-13,,reopened,maternity,35852.21,2561.02
36,46,CLM-2023-00036,2023-01-04,2023-01-11,2025-04-21,closed,maternity,15460.1,0.0
37,46,CLM-2023-00037,2023-01-21,2023-01-28,2025-11-07,closed,hospitalization,113136.82,0.0
38,48,CLM-2020-00038,2020-07-30,2020-08-05,2025-01-07,closed,collision,67955.24,0.0
39,49,CLM-2022-00039,2022-01-26,2022-03-16,2025-09-02,denied,rollover,18019.39,0.0
40,50,CLM-2020-00040,2020-08-30,2020-08-31,2024-08-01,closed,chronic_treatment,1794.2,0.0
41,51,CLM-2021-00041,2021-07-08,2021-07-09,2025-07-05,denied,emergency_room,84242.22,0.0
42,54,CLM-2020-00042,2020-10-10,2020-10-25,2024-01-08,closed,emergency_room,9913.54,0.0
43,54,CLM-2021-00043,2021-03-24,2021-04-08,2025-03-24,closed,chronic_treatment,18197.11,0.0
44,54,CLM-2021-00044,2021-04-06,2021-04-11,2024-08-14,closed,maternity,51555.94,0.0
45,55,CLM-2021-00045,2021-10-31,2021-12-11,2025-12-09,closed,structural_damage,51840.37,0.0
46,56,CLM-2024-00046,2024-11-06,2024-12-08,2025-12-25,denied,hit_and_run,35713.61,0.0
47,57,CLM-2021-00047,2021-03-22,2021-03-23,2024-12-07,closed,chronic_treatment,3960.89,0.0
48,57,CLM-2021-00048,2021-07-18,2021-08-02,2025-03-16,closed,chronic_treatment,15565.09,0.0
49,58,CLM-2022-00049,2022-04-04,2022-04-20,2025-08-19,closed,vandalism,57790.88,0.0
50,59,CLM-2022-00050,2022-01-17,2022-02-03,2025-11-17,closed,vandalism,4423.08,0.0
51,61,CLM-2020-00051,2020-06-30,2020-07-03,2025-05-05,closed,theft,38596.56,0.0
52,62,CLM-2021-00052,2021-09-25,2021-09-27,2025-06-03,closed,hospitalization,12526.03,0.0
53,62,CLM-2021-00053,2021-12-05,2021-12-07,2025-07-27,closed,chronic_treatment,12068.42,0.0
54,65,CLM-2022-00054,2022-02-16,2022-02-17,2025-04-02,closed,hospitalization,14079.59,0.0
55,65,CLM-2022-00055,2022-04-25,2022-05-01,2025-11-10,closed,hospitalization,25105.93,0.0
56,66,CLM-2024-00056,2024-01-07,2024-01-16,2025-10-18,closed,collision,26270.68,0.0
57,67,CLM-2020-00057,2020-12-06,2020-12-09,2024-04-05,closed,chronic_treatment,22643.09,0.0
58,70,CLM-2021-00058,2021-09-13,2021-09-16,2025-03-14,closed,hospitalization,66501.48,0.0
59,70,CLM-2020-00059,2020-11-18,2020-11-25,2024-05-11,denied,emergency_room,2655.68,0.0
60,70,CLM-2020-00060,2020-10-16,2020-10-31,2024-10-12,closed,maternity,7121.17,0.0
61,70,CLM-2021-00061,2021-04-26,2021-05-11,2024-05-23,closed,surgery,9629.44,0.0
62,75,CLM-2021-00062,2021-10-31,2021-11-09,2025-12-28,closed,hit_and_run,48108.75,0.0
63,76,CLM-2023-00063,2023-03-16,2023-04-08,2025-12-19,closed,vandalism,37611.96,0.0
64,77,CLM-2022-00064,2022-09-09,2022-09-13,2025-12-13,closed,vandalism,15472.08,0.0
65,79,CLM-2023-00065,2023-10-30,2023-11-28,2025-12-11,closed,hurricane,188091.46,0.0
66,80,CLM-2023-00066,2023-01-16,2023-01-20,2025-12-24,closed,theft,36276.89,0.0
67,81,CLM-2023-00067,2023-08-14,2023-09-04,2025-09-18,closed,maternity,10721.11,0.0
68,81,CLM-2023-00068,2023-10-13,2023-10-25,,open,surgery,10701.06,567.16
69,81,CLM-2023-00069,2023-09-14,2023-09-15,2025-12-02,closed,chronic_treatment,56840.21,0.0
70,81,CLM-2023-00070,2023-10-16,2023-10-29,,open,maternity,33157.8,41.49
71,81,CLM-2023-00071,2023-08-12,2023-08-20,2025-10-18,closed,surgery,9194.33,0.0
72,82,CLM-2021-00072,2021-07-23,2021-07-24,2025-11-15,closed,hail_damage,82406.55,0.0
73,82,CLM-2021-00073,2021-03-20,2021-03-28,2025-07-06,closed,hit_and_run,36573.99,0.0
74,84,CLM-2021-00074,2021-08-04,2021-08-13,,open,chronic_treatment,27984.95,1544.88
75,84,CLM-2021-00075,2021-12-20,2022-01-02,2025-03-18,closed,hospitalization,11801.37,0.0
76,84,CLM-2021-00076,2021-07-07,2021-08-07,2025-04-08,closed,surgery,43514.88,0.0
77,87,CLM-2022-00077,2022-01-20,2022-02-01,2025-12-11,closed,emergency_room,6581.88,0.0
78,87,CLM-2021-00078,2021-12-16,2022-01-22,2025-07-18,closed,surgery,11346.27,0.0
79,87,CLM-2021-00079,2021-03-26,2021-03-27,2025-03-09,denied,hospitalization,12533.5,0.0
80,89,CLM-2020-00080,2020-08-26,2020-08-27,2024-10-11,denied,hit_and_run,101384.87,0.0
81,89,CLM-2020-00081,2020-09-25,2020-10-01,2025-07-14,closed,theft,59671.72,0.0
82,92,CLM-2022-00082,2022-04-21,2022-05-10,,reopened,emergency_room,155835.07,3894.41
83,93,CLM-2022-00083,2022-04-20,2022-05-05,2025-10-03,closed,surgery,30858.05,0.0
84,95,CLM-2021-00084,2021-12-11,2021-12-23,2025-02-08,closed,chronic_treatment,12280.12,0.0
85,96,CLM-2025-00085,2025-05-27,2025-06-10,,open,maternity,4467.02,2166.0
86,97,CLM-2020-00086,2020-11-08,2020-12-16,2025-11-19,closed,product_liability,47911.79,0.0
87,99,CLM-2020-00087,2020-12-09,2020-12-15,2025-06-30,closed,collision,67923.99,0.0
88,105,CLM-2022-00088,2022-03-16,2022-03-23,2025-04-13,closed,emergency_room,4071.48,0.0
89,106,CLM-2025-00089,2025-12-01,2025-12-05,,open,hospitalization,8418.3,4704.21
90,106,CLM-2025-00090,2025-06-11,2025-06-17,2025-09-03,closed,maternity,25401.7,0.0
91,107,CLM-2021-00091,2021-12-23,2021-12-27,2025-05-14,closed,maternity,9888.39,0.0
92,107,CLM-2021-00092,2021-12-20,2021-12-25,2025-03-23,denied,chronic_treatment,15569.34,0.0
93,109,CLM-2025-00093,2025-06-16,2025-07-30,,open,hit_and_run,13437.74,7257.01
94,112,CLM-2024-00094,2024-06-21,2024-07-28,2025-09-09,closed,collision,34629.63,0.0
95,114,CLM-2020-00095,2020-07-19,2020-07-29,2024-06-12,closed,maternity,76057.56,0.0
96,116,CLM-2021-00096,2021-04-16,2021-04-27,2025-11-06,denied,hit_and_run,67787.4,0.0
97,116,CLM-2020-00097,2020-11-29,2020-12-17,2025-05-24,closed,collision,50065.43,0.0
98,118,CLM-2025-00098,2025-12-12,2025-12-17,,open,rollover,25327.35,12932.56
99,120,CLM-2024-00099,2024-07-07,2024-07-08,2025-10-23,closed,rollover,55477.44,0.0
100,120,CLM-2025-00100,2025-01-02,2025-01-03,2025-04-06,closed,vandalism,26046.94,0.0
101,121,CLM-2021-00101,2021-06-05,2021-07-16,2025-12-03,closed,hit_and_run,109098.61,0.0
102,123,CLM-2020-00102,2020-10-19,2020-10-20,2024-10-25,denied,chronic_treatment,5693.89,0.0
103,123,CLM-2021-00103,2021-01-13,2021-01-23,2024-08-16,denied,surgery,56017.56,0.0
104,124,CLM-2020-00104,2020-05-30,2020-06-03,2023-12-26,denied,emergency_room,43502.76,0.0
105,124,CLM-2021-00105,2021-01-13,2021-02-13,,open,surgery,48007.38,220.32
106,127,CLM-2021-00106,2021-01-13,2021-01-23,2024-04-29,closed,hospitalization,74835.94,0.0
107,128,CLM-2024-00107,2024-10-09,2024-11-13,2025-12-31,denied,hit_and_run,4569.9,0.0
108,133,CLM-2021-00108,2021-08-23,2021-08-24,2025-10-22,denied,vandalism,69891.8,0.0
109,133,CLM-2021-00109,2021-08-20,2021-09-10,2025-12-31,closed,theft,117918.37,0.0
110,134,CLM-2025-00110,2025-10-22,2025-10-25,,open,hail_damage,51440.1,37546.59
111,136,CLM-2022-00111,2022-05-14,2022-06-04,2025-11-12,closed,earthquake,128722.44,0.0
112,140,CLM-2020-00112,2020-12-27,2021-03-19,,reopened,hail_damage,22969.5,1555.14
113,140,CLM-2020-00113,2020-06-27,2020-07-02,2025-01-02,closed,collision,28386.62,0.0
114,140,CLM-2021-00114,2021-05-12,2021-05-17,2025-07-12,closed,rollover,29386.97,0.0
115,141,CLM-2024-00115,2024-11-18,2024-11-24,,reopened,emergency_room,29138.72,6000.72
116,144,CLM-2020-00116,2020-10-21,2020-10-22,2024-11-06,denied,collision,55137.39,0.0
117,147,CLM-2023-00117,2023-04-30,2023-05-01,2025-10-06,closed,chronic_treatment,60267.13,0.0
118,147,CLM-2024-00118,2024-02-21,2024-03-06,,reopened,chronic_treatment,23700.09,5282.14
119,148,CLM-2022-00119,2022-07-07,2022-08-23,2025-12-31,closed,bodily_injury,93257.56,0.0
120,152,CLM-2020-00120,2020-11-22,2020-11-24,2025-07-07,denied,collision,12081.93,0.0
121,152,CLM-2021-00121,2021-02-21,2021-04-11,2025-06-28,closed,hail_damage,45867.77,0.0
122,152,CLM-2021-00122,2021-01-16,2021-01-26,2025-12-23,closed,collision,44805.79,0.0
123,153,CLM-2022-00123,2022-12-29,2023-01-10,,reopened,chronic_treatment,8597.13,59.75
124,153,CLM-2023-00124,2023-01-19,2023-01-27,,open,hospitalization,22865.41,671.76
125,155,CLM-2020-00125,2020-08-07,2020-11-10,2025-12-31,closed,fire,50050.98,0.0
126,156,CLM-2021-00126,2021-08-26,2021-09-05,2025-12-31,closed,rollover,35692.57,0.0
127,158,CLM-2022-00127,2022-01-03,2022-01-04,2025-05-19,closed,vandalism,74107.01,0.0
128,163,CLM-2023-00128,2023-01-06,2023-02-07,2025-12-31,closed,hurricane,55453.78,0.0
129,167,CLM-2021-00129,2021-01-29,2021-02-10,2024-11-09,closed,maternity,19659.85,0.0
130,167,CLM-2021-00130,2021-10-26,2021-12-07,2025-09-27,closed,emergency_room,40640.39,0.0
131,167,CLM-2021-00131,2021-06-14,2021-06-22,2024-09-19,denied,maternity,13280.64,0.0
132,168,CLM-2024-00132,2024-07-19,2024-07-23,2025-12-25,denied,emergency_room,2514.83,0.0
133,168,CLM-2023-00133,2023-11-29,2024-01-01,2025-12-31,closed,hospitalization,39582.13,0.0
134,169,CLM-2025-00134,2025-07-08,2025-08-22,,open,theft,18762.24,7724.93
135,170,CLM-2021-00135,2021-09-15,2021-09-21,2025-12-14,denied,water_damage,41710.95,0.0
136,171,CLM-2021-00136,2021-10-16,2021-11-12,2025-11-24,closed,hail_damage,58745.78,0.0
137,172,CLM-2022-00137,2022-03-29,2022-04-13,2025-08-12,closed,chronic_treatment,6629.54,0.0
138,172,CLM-2022-00138,2022-01-23,2022-03-18,2025-06-16,closed,surgery,9231.44,0.0
139,173,CLM-2021-00139,2021-10-02,2021-10-19,2025-12-29,closed,structural_damage,68519.4,0.0
140,175,CLM-2022-00140,2022-01-19,2022-01-27,2025-11-12,closed,hail_damage,25030.6,0.0
141,177,CLM-2024-00141,2024-12-21,2024-12-29,2025-12-30,closed,chronic_treatment,32711.13,0.0
142,179,CLM-2024-00142,2024-04-30,2024-06-02,2025-11-11,denied,emergency_room,12092.55,0.0
143,179,CLM-2024-00143,2024-11-29,2024-12-02,,open,emergency_room,16282.1,4746.52
144,180,CLM-2024-00144,2024-01-23,2024-01-29,,open,collision,75367.65,16954.83
145,180,CLM-2024-00145,2024-04-24,2024-06-04,2025-06-14,closed,hit_and_run,32494.83,0.0
146,183,CLM-2020-00146,2020-07-24,2020-07-25,2024-07-26,closed,emergency_room,31399.07,0.0
147,183,CLM-2020-00147,2020-12-22,2021-02-07,2024-02-17,denied,surgery,19387.69,0.0
148,183,CLM-2020-00148,2020-06-03,2020-06-05,2023-12-22,closed,surgery,17171.4,0.0
149,184,CLM-2025-00149,2025-04-18,2025-05-04,,open,rollover,52071.3,38336.33
150,186,CLM-2021-00150,2021-01-29,2021-01-30,,open,surgery,42387.66,1814.49
151,186,CLM-2021-00151,2021-04-02,2021-04-06,,reopened,chronic_treatment,20354.89,728.37
152,189,CLM-2022-00152,2022-05-11,2022-05-25,2025-11-20,closed,hospitalization,36353.78,0.0
153,190,CLM-2023-00153,2023-02-16,2023-02-23,2025-09-19,closed,hospitalization,24949.38,0.0
154,190,CLM-2022-00154,2022-12-17,2022-12-18,2025-12-31,closed,surgery,13961.85,0.0
155,198,CLM-2022-00155,2022-05-24,2022-05-25,2025-06-17,closed,collision,15557.28,0.0
156,200,CLM-2020-00156,2020-09-20,2020-09-22,,open,collision,25706.95,1350.36
157,201,CLM-2021-00157,2021-02-24,2021-02-27,2024-10-24,closed,emergency_room,20417.58,0.0
158,201,CLM-2021-00158,2021-01-24,2021-02-02,2024-10-10,closed,surgery,19640.83,0.0
159,201,CLM-2020-00159,2020-07-05,2020-07-08,2024-07-15,closed,chronic_treatment,22247.23,0.0
160,202,CLM-2021-00160,2021-05-08,2021-06-26,2025-07-05,closed,hit_and_run,33675.53,0.0
161,203,CLM-2022-00161,2022-05-08,2022-05-09,2025-11-23,closed,surgery,26883.65,0.0
162,203,CLM-2021-00162,2021-06-26,2021-06-29,2024-11-12,closed,hospitalization,53930.68,0.0
163,204,CLM-2025-00163,2025-02-19,2025-03-04,,open,fire,24908.71,17069.16
164,206,CLM-2024-00164,2024-04-19,2024-04-21,2025-12-31,denied,rollover,8695.87,0.0
165,207,CLM-2020-00165,2020-05-17,2020-05-27,,reopened,chronic_treatment,6726.65,368.64
166,208,CLM-2022-00166,2022-12-15,2023-01-15,2025-12-31,closed,hurricane,5633.28,0.0
167,214,CLM-2021-00167,2021-12-07,2021-12-31,2025-12-24,closed,collision,23068.63,0.0
168,215,CLM-2021-00168,2021-05-20,2021-05-30,2024-07-17,closed,chronic_treatment,15421.07,0.0
169,215,CLM-2021-00169,2021-08-03,2021-08-07,2024-12-01,denied,chronic_treatment,25915.25,0.0
170,215,CLM-2021-00170,2021-07-24,2021-07-26,2024-10-21,closed,maternity,43371.53,0.0
171,217,CLM-2024-00171,2024-05-24,2024-05-26,2025-06-22,closed,hit_and_run,44902.48,0.0
172,217,CLM-2023-00172,2023-11-03,2023-11-17,2025-12-31,denied,hail_damage,132412.96,0.0
173,220,CLM-2025-00173,2025-01-30,2025-02-09,,open,theft,118220.1,72890.05
174,223,CLM-2021-00174,2021-05-21,2021-05-25,2025-05-04,closed,emergency_room,30378.39,0.0
175,223,CLM-2021-00175,2021-01-16,2021-01-17,2024-07-25,closed,maternity,18663.35,0.0
176,224,CLM-2025-00176,2025-07-16,2025-08-20,,open,vandalism,87872.69,55493.44
177,229,CLM-2023-00177,2023-02-23,2023-03-05,2025-10-07,closed,hurricane,78271.44,0.0
178,232,CLM-2021-00178,2021-09-24,2021-10-02,2025-08-25,denied,hospitalization,15783.74,0.0
179,233,CLM-2020-00179,2020-11-30,2020-12-07,2024-01-10,closed,surgery,26239.68,0.0
180,233,CLM-2021-00180,2021-03-08,2021-03-17,2024-09-15,closed,surgery,12568.89,0.0
181,238,CLM-2023-00181,2023-10-30,2023-11-09,2025-12-28,closed,rollover,14711.47,0.0
182,239,CLM-2025-00182,2025-06-07,2025-06-20,2025-09-17,denied,product_liability,118930.98,0.0
183,242,CLM-2020-00183,2020-12-29,2021-01-10,2025-09-09,closed,collision,25195.71,0.0
184,242,CLM-2020-00184,2020-07-11,2020-09-17,2024-12-18,closed,theft,13204.33,0.0
185,246,CLM-2022-00185,2022-01-27,2022-02-06,2025-11-24,denied,surgery,27518.63,0.0
186,246,CLM-2021-00186,2021-11-25,2022-01-14,2025-07-31,closed,maternity,58849.74,0.0
187,248,CLM-2022-00187,2022-11-25,2022-12-02,2025-12-18,closed,emergency_room,3689.54,0.0
188,248,CLM-2022-00188,2022-12-13,2022-12-14,2025-12-31,closed,maternity,25004.75,0.0
189,248,CLM-2022-00189,2022-10-31,2022-11-23,2025-12-20,closed,surgery,41985.34,0.0
190,249,CLM-2021-00190,2021-12-30,2021-12-31,2025-12-31,closed,vandalism,50065.74,0.0
191,249,CLM-2022-00191,2022-10-28,2022-10-29,,reopened,hit_and_run,75295.42,3354.2
192,251,CLM-2021-00192,2021-01-23,2021-01-25,2024-05-05,denied,chronic_treatment,16755.25,0.0
193,251,CLM-2021-00193,2021-04-07,2021-04-19,,open,chronic_treatment,16371.8,1008.11
194,251,CLM-2021-00194,2021-01-25,2021-02-08,,reopened,hospitalization,32130.09,1676.17
195,252,CLM-2021-00195,2021-09-11,2021-09-26,2025-03-22,closed,maternity,4086.82,0.0
196,257,CLM-2022-00196,2022-10-06,2022-10-09,2025-12-28,denied,maternity,2539.11,0.0
197,258,CLM-2022-00197,2022-02-17,2022-03-03,2025-04-22,closed,maternity,28750.67,0.0
198,258,CLM-2022-00198,2022-01-23,2022-01-26,2025-11-02,closed,chronic_treatment,52875.29,0.0
199,258,CLM-2021-00199,2021-10-05,2021-10-19,2024-12-30,closed,surgery,9154.9,0.0
200,258,CLM-2022-00200,2022-02-15,2022-02-17,2025-11-02,closed,chronic_treatment,16049.04,0.0
201,263,CLM-2021-00201,2021-01-01,2021-01-24,2025-11-24,closed,vandalism,29072.49,0.0
202,264,CLM-2021-00202,2021-01-25,2021-02-12,2025-08-17,closed,hail_damage,22257.72,0.0
203,265,CLM-2021-00203,2021-05-28,2021-07-09,2024-06-24,closed,emergency_room,17171.48,0.0
204,265,CLM-2021-00204,2021-09-01,2021-09-07,2025-01-04,closed,emergency_room,115038.48,0.0
205,266,CLM-2020-00205,2020-10-08,2020-11-15,2025-12-06,denied,structural_damage,17969.96,0.0
206,269,CLM-2020-00206,2020-02-12,2020-02-19,2023-12-18,closed,chronic_treatment,56374.47,0.0
207,270,CLM-2021-00207,2021-01-28,2021-02-25,2025-12-23,closed,collision,58215.52,0.0
208,271,CLM-2020-00208,2020-09-26,2020-10-06,2025-02-15,closed,vandalism,88064.83,0.0
209,272,CLM-2021-00209,2021-05-23,2021-06-02,2025-10-28,closed,vandalism,25360.14,0.0
210,272,CLM-2020-00210,2020-08-27,2020-09-09,2025-02-08,closed,hit_and_run,77938.61,0.0
211,276,CLM-2024-00211,2024-09-12,2024-10-10,,open,hospitalization,5985.44,904.44
212,278,CLM-2021-00212,2021-08-28,2021-10-01,2025-01-27,closed,emergency_room,16928.39,0.0
213,279,CLM-2021-00213,2021-06-08,2021-06-29,2025-12-30,closed,theft,97725.38,0.0
214,282,CLM-2020-00214,2020-08-08,2020-10-11,,open,hospitalization,27263.03,454.41
215,283,CLM-2023-00215,2023-09-21,2023-10-02,2025-12-13,closed,theft,14665.26,0.0
216,286,CLM-2020-00216,2020-11-18,2020-11-26,,open,rollover,106532.54,6299.07
217,286,CLM-2021-00217,2021-09-22,2021-11-14,2025-12-31,closed,hit_and_run,34836.47,0.0
218,286,CLM-2021-00218,2021-07-06,2021-07-09,2025-11-13,closed,rollover,60497.89,0.0
219,286,CLM-2021-00219,2021-05-28,2021-06-09,2025-11-29,closed,rollover,63466.29,0.0
220,287,CLM-2023-00220,2023-03-01,2023-04-02,2025-05-12,closed,chronic_treatment,73814.32,0.0
221,288,CLM-2020-00221,2020-09-02,2020-10-10,2025-12-03,denied,professional_negligence,89045.24,0.0
222,290,CLM-2021-00222,2021-07-12,2021-07-18,,reopened,hit_and_run,48514.15,24.55
223,292,CLM-2025-00223,2025-04-23,2025-04-26,,open,maternity,62651.28,24612.54
224,292,CLM-2025-00224,2025-01-31,2025-02-08,,reopened,emergency_room,1668.76,776.37
225,292,CLM-2024-00225,2024-09-15,2024-09-29,,reopened,emergency_room,6935.45,1625.63
226,292,CLM-2025-00226,2025-06-10,2025-06-12,,open,chronic_treatment,16084.35,7774.74
227,293,CLM-2022-00227,2022-01-09,2022-01-13,,open,hit_and_run,8460.6,931.81
228,293,CLM-2022-00228,2022-07-07,2022-07-18,2025-10-14,closed,vandalism,18606.82,0.0
229,296,CLM-2020-00229,2020-08-17,2020-08-22,,open,maternity,10235.46,481.41
230,297,CLM-2024-00230,2024-05-04,2024-05-07,2025-11-30,closed,collision,75678.3,0.0
231,299,CLM-2022-00231,2022-06-10,2022-06-30,2025-12-11,closed,surgery,23091.64,0.0
232,299,CLM-2021-00232,2021-06-17,2021-06-30,2025-06-21,closed,emergency_room,12557.13,0.0
233,300,CLM-2021-00233,2021-03-09,2021-04-03,2024-09-21,closed,maternity,17366.67,0.0
234,300,CLM-2021-00234,2021-07-25,2021-08-04,2025-01-16,closed,chronic_treatment,42235.96,0.0
235,302,CLM-2021-00235,2021-01-07,2021-02-02,2024-03-12,closed,chronic_treatment,23586.17,0.0
236,303,CLM-2023-00236,2023-08-14,2023-09-10,2025-09-24,denied,hit_and_run,23544.63,0.0
237,303,CLM-2023-00237,2023-08-31,2023-09-04,2025-09-29,closed,vandalism,16990.71,0.0
238,303,CLM-2023-00238,2023-07-22,2023-07-27,2025-12-23,closed,vandalism,39482.9,0.0
239,304,CLM-2020-00239,2020-08-29,2020-09-25,,reopened,theft,29237.83,852.85
240,304,CLM-2020-00240,2020-07-19,2020-08-14,2025-01-03,closed,hit_and_run,51836.12,0.0
241,305,CLM-2022-00241,2022-03-16,2022-03-19,2025-05-06,closed,vandalism,7813.93,0.0
242,307,CLM-2020-00242,2020-06-16,2020-07-04,,open,chronic_treatment,124354.93,1202.0
243,307,CLM-2020-00243,2020-05-09,2020-05-18,2023-08-28,closed,emergency_room,786.82,0.0
244,307,CLM-2020-00244,2020-04-05,2020-04-29,2023-11-23,closed,chronic_treatment,7051.91,0.0
245,308,CLM-2024-00245,2024-03-30,2024-04-13,,open,chronic_treatment,8468.63,1703.72
246,308,CLM-2024-00246,2024-02-08,2024-02-24,2025-12-25,closed,surgery,15408.88,0.0
247,309,CLM-2023-00247,2023-09-04,2023-09-16,2025-12-19,closed,maternity,19159.93,0.0
248,309,CLM-2023-00248,2023-11-03,2023-11-17,2025-12-31,closed,emergency_room,19949.53,0.0
249,310,CLM-2024-00249,2024-04-22,2024-05-04,2025-06-10,closed,theft,66174.06,0.0
250,314,CLM-2024-00250,2024-08-04,2024-08-16,,open,hurricane,19748.39,5878.71
251,316,CLM-2021-00251,2021-05-01,2021-05-22,2024-11-03,closed,maternity,6269.5,0.0
252,316,CLM-2021-00252,2021-07-07,2021-07-20,2024-09-18,closed,hospitalization,25671.03,0.0
253,316,CLM-2021-00253,2021-10-07,2021-10-13,,open,chronic_treatment,20108.82,23.52
254,316,CLM-2021-00254,2021-01-23,2021-01-29,2024-07-18,closed,emergency_room,25409.33,0.0
255,317,CLM-2021-00255,2021-03-23,2021-03-30,,open,theft,22092.31,350.78
256,318,CLM-2022-00256,2022-03-26,2022-03-27,2025-07-16,closed,emergency_room,8359.66,0.0
257,319,CLM-2020-00257,2020-10-07,2020-10-21,2025-06-02,closed,rollover,49407.41,0.0
258,319,CLM-2020-00258,2020-11-07,2020-11-25,2025-03-19,closed,rollover,67325.23,0.0
259,321,CLM-2024-00259,2024-03-20,2024-03-24,,open,maternity,20611.49,4965.91
260,321,CLM-2023-00260,2023-04-30,2023-05-12,2025-10-02,closed,hospitalization,25131.14,0.0
261,324,CLM-2021-00261,2021-10-17,2021-10-18,2025-11-25,closed,hail_damage,47718.35,0.0
262,325,CLM-2022-00262,2022-10-10,2022-10-11,2025-12-01,closed,hit_and_run,22941.8,0.0
263,330,CLM-2022-00263,2022-12-05,2022-12-31,,open,hail_damage,47493.36,4028.23
264,330,CLM-2022-00264,2022-11-01,2022-11-15,2025-12-31,closed,rollover,183872.94,0.0
265,330,CLM-2023-00265,2023-04-13,2023-05-04,2025-11-02,closed,hail_damage,82477.86,0.0
266,331,CLM-2021-00266,2021-10-13,2021-10-26,2025-11-29,closed,rollover,68066.26,0.0
267,331,CLM-2021-00267,2021-06-26,2021-07-05,2025-07-19,closed,collision,31259.37,0.0
268,332,CLM-2021-00268,2021-07-21,2021-08-24,2024-09-20,denied,surgery,30380.44,0.0
269,332,CLM-2022-00269,2022-04-08,2022-05-17,2025-08-04,closed,surgery,19772.58,0.0
270,332,CLM-2021-00270,2021-09-20,2021-10-09,2025-04-24,closed,hospitalization,38418.2,0.0
271,332,CLM-2021-00271,2021-07-26,2021-07-28,2025-02-10,closed,emergency_room,5225.15,0.0
272,332,CLM-2022-00272,2022-01-16,2022-03-11,,open,chronic_treatment,9138.73,407.39
273,333,CLM-2020-00273,2020-11-01,2021-01-20,,open,theft,42544.0,2737.78
274,334,CLM-2020-00274,2020-10-28,2020-12-02,2024-04-02,closed,maternity,33396.72,0.0
275,334,CLM-2020-00275,2020-11-04,2020-11-16,,open,chronic_treatment,15728.27,68.78
276,334,CLM-2021-00276,2021-07-14,2021-07-15,,reopened,maternity,29180.09,1431.71
277,334,CLM-2021-00277,2021-04-28,2021-04-29,2025-03-01,closed,maternity,14428.43,0.0
278,334,CLM-2021-00278,2021-04-09,2021-04-30,2025-04-12,closed,hospitalization,30509.24,0.0
279,338,CLM-2020-00279,2020-10-14,2020-10-19,2025-07-25,closed,theft,37764.22,0.0
280,341,CLM-2022-00280,2022-07-23,2022-08-28,2025-10-10,closed,fire,49916.86,0.0
281,342,CLM-2021-00281,2021-07-17,2021-08-05,2025-04-04,closed,chronic_treatment,136514.99,0.0
282,342,CLM-2021-00282,2021-12-09,2021-12-23,,open,surgery,69718.67,4871.66
283,342,CLM-2021-00283,2021-11-15,2021-11-16,2025-06-14,closed,emergency_room,8039.26,0.0
284,344,CLM-2023-00284,2023-09-29,2023-11-03,2025-12-04,closed,hit_and_run,58455.72,0.0
285,345,CLM-2022-00285,2022-10-19,2022-10-26,,open,collision,11127.0,907.93
286,345,CLM-2022-00286,2022-09-24,2022-10-05,2025-11-16,closed,theft,82213.9,0.0
287,349,CLM-2021-00287,2021-02-21,2021-03-09,2024-04-03,closed,surgery,9042.49,0.0
288,351,CLM-2020-00288,2020-12-10,2020-12-24,2024-09-02,closed,emergency_room,1630.53,0.0
289,351,CLM-2020-00289,2020-10-14,2020-10-16,2024-01-18,closed,surgery,11678.62,0.0
290,351,CLM-2021-00290,2021-01-13,2021-01-14,2024-03-28,closed,hospitalization,2969.24,0.0
291,352,CLM-2021-00291,2021-04-10,2021-05-18,,reopened,chronic_treatment,70596.11,2535.05
292,355,CLM-2022-00292,2022-04-09,2022-04-12,2025-12-31,denied,theft,40882.27,0.0
293,358,CLM-2021-00293,2021-01-24,2021-01-27,2024-04-09,closed,emergency_room,47812.79,0.0
294,358,CLM-2021-00294,2021-01-20,2021-01-26,2024-09-28,closed,emergency_room,53402.74,0.0
295,358,CLM-2020-00295,2020-10-12,2020-10-31,2023-12-29,denied,hospitalization,47783.68,0.0
296,358,CLM-2021-00296,2021-03-07,2021-03-12,2024-09-23,closed,surgery,21937.12,0.0
297,363,CLM-2022-00297,2022-07-10,2022-07-11,2025-09-11,closed,collision,179910.25,0.0
298,368,CLM-2025-00298,2025-06-12,2025-06-13,,open,emergency_room,14057.06,7807.28
299,372,CLM-2021-00299,2021-06-25,2021-07-06,,reopened,vandalism,72499.77,3276.61
300,372,CLM-2021-00300,2021-06-11,2021-06-21,2025-11-13,closed,hit_and_run,67973.67,0.0
301,375,CLM-2020-00301,2020-07-01,2020-07-27,2023-11-25,closed,chronic_treatment,54933.76,0.0
302,375,CLM-2020-00302,2020-09-14,2020-09-18,2024-01-10,closed,emergency_room,13457.42,0.0
303,375,CLM-2020-00303,2020-06-13,2020-07-07,2023-10-11,closed,hospitalization,20188.74,0.0
304,376,CLM-2020-00304,2020-05-23,2020-06-03,2023-08-09,closed,hospitalization,78446.39,0.0
305,378,CLM-2024-00305,2024-06-21,2024-07-04,2025-10-29,closed,fire,70813.9,0.0
306,384,CLM-2020-00306,2020-08-24,2020-08-31,2023-10-20,closed,chronic_treatment,19440.63,0.0
307,384,CLM-2020-00307,2020-01-28,2020-02-05,2024-01-19,closed,chronic_treatment,27880.41,0.0
308,384,CLM-2020-00308,2020-05-13,2020-05-28,2023-10-14,closed,chronic_treatment,3704.84,0.0
309,385,CLM-2025-00309,2025-02-28,2025-04-03,2025-11-21,closed,collision,36791.5,0.0
310,388,CLM-2022-00310,2022-09-11,2022-09-19,2025-12-05,closed,structural_damage,53227.82,0.0
311,393,CLM-2020-00311,2020-12-12,2020-12-18,2024-07-23,closed,surgery,42471.36,0.0
312,393,CLM-2020-00312,2020-09-10,2020-09-17,2023-11-17,closed,surgery,6218.09,0.0
313,393,CLM-2020-00313,2020-05-04,2020-06-06,2023-11-09,closed,chronic_treatment,66763.47,0.0
314,393,CLM-2020-00314,2020-09-02,2020-09-12,2024-04-14,closed,surgery,30942.74,0.0
315,393,CLM-2020-00315,2020-04-29,2020-05-01,2023-06-04,closed,hospitalization,14758.58,0.0
316,394,CLM-2021-00316,2021-11-14,2021-11-19,2025-12-17,closed,theft,6175.2,0.0
317,396,CLM-2022-00317,2022-12-18,2022-12-19,2025-12-31,closed,chronic_treatment,3542.69,0.0
318,396,CLM-2022-00318,2022-05-26,2022-05-27,2025-11-12,closed,emergency_room,3820.07,0.0
319,396,CLM-2022-00319,2022-10-18,2022-10-29,,open,chronic_treatment,37314.79,1711.07
320,400,CLM-2020-00320,2020-09-12,2020-10-05,,reopened,hospitalization,376715.33,23599.85
321,401,CLM-2021-00321,2021-02-19,2021-02-28,2025-03-26,denied,collision,24615.93,0.0
322,403,CLM-2022-00322,2022-09-05,2022-09-14,2025-12-15,closed,hit_and_run,9909.0,0.0
323,403,CLM-2022-00323,2022-12-02,2022-12-07,2025-12-31,denied,hit_and_run,15976.0,0.0
324,404,CLM-2023-00324,2023-07-05,2023-07-24,2025-10-22,closed,hurricane,12236.14,0.0
325,405,CLM-2022-00325,2022-11-21,2022-11-24,2025-12-18,closed,maternity,3633.97,0.0
326,405,CLM-2022-00326,2022-12-11,2023-01-07,2025-12-27,denied,maternity,40286.54,0.0
327,405,CLM-2022-00327,2022-04-23,2022-04-27,,reopened,surgery,11009.61,167.86
328,408,CLM-2021-00328,2021-02-22,2021-02-25,2024-08-25,closed,surgery,6871.3,0.0
329,408,CLM-2020-00329,2020-12-06,2020-12-07,2024-09-02,closed,surgery,52357.27,0.0
330,411,CLM-2024-00330,2024-10-26,2024-11-16,,open,hit_and_run,260143.04,78275.61
331,411,CLM-2024-00331,2024-11-20,2024-12-02,2025-12-31,denied,hit_and_run,28122.41,0.0
332,413,CLM-2022-00332,2022-11-28,2022-11-29,2025-12-31,closed,maternity,177595.06,0.0
333,413,CLM-2022-00333,2022-03-14,2022-03-15,2025-06-04,closed,chronic_treatment,44521.59,0.0
334,414,CLM-2021-00334,2021-05-12,2021-07-04,2025-10-09,closed,rollover,54528.71,0.0
335,415,CLM-2021-00335,2021-02-13,2021-02-28,2025-02-01,closed,surgery,4960.62,0.0
336,415,CLM-2021-00336,2021-06-21,2021-07-23,,open,maternity,66114.05,3545.73
337,417,CLM-2021-00337,2021-09-16,2021-09-27,2025-12-02,closed,theft,82732.07,0.0
338,419,CLM-2021-00338,2021-02-12,2021-02-27,2025-10-04,closed,hit_and_run,32303.13,0.0
339,420,CLM-2020-00339,2020-03-02,2020-04-08,2024-05-13,closed,hail_damage,6410.47,0.0
340,424,CLM-2020-00340,2020-06-20,2020-07-09,2023-11-14,closed,hospitalization,50984.48,0.0
341,424,CLM-2020-00341,2020-12-12,2021-01-09,,open,chronic_treatment,14340.16,649.2
342,424,CLM-2020-00342,2020-04-21,2020-05-19,2023-12-21,closed,surgery,28033.37,0.0
343,425,CLM-2022-00343,2022-06-08,2022-06-16,2025-08-21,closed,theft,138544.27,0.0
344,426,CLM-2021-00344,2021-07-02,2021-07-16,2025-02-27,closed,hospitalization,36547.12,0.0
345,427,CLM-2022-00345,2022-11-02,2023-01-19,2025-12-31,denied,surgery,33411.44,0.0
346,427,CLM-2022-00346,2022-10-09,2022-10-11,2025-12-26,closed,maternity,4004.94,0.0
347,429,CLM-2024-00347,2024-11-30,2025-04-11,,open,hurricane,18730.4,8345.83
348,431,CLM-2021-00348,2021-10-02,2021-10-10,2025-11-08,denied,collision,11391.91,0.0
349,434,CLM-2022-00349,2022-04-20,2022-05-21,2025-12-31,closed,fire,53474.98,0.0
350,435,CLM-2020-00350,2020-05-24,2020-07-01,2023-09-21,closed,emergency_room,29009.67,0.0
351,435,CLM-2020-00351,2020-07-23,2020-08-18,2024-05-23,closed,chronic_treatment,258895.08,0.0
352,437,CLM-2021-00352,2021-09-14,2021-09-28,2025-12-12,closed,rollover,31044.11,0.0
353,437,CLM-2022-00353,2022-05-22,2022-05-26,,open,hail_damage,10739.88,475.65
354,441,CLM-2023-00354,2023-12-13,2023-12-16,2025-12-31,denied,hospitalization,22450.03,0.0
355,441,CLM-2023-00355,2023-08-12,2023-08-20,2025-11-18,denied,chronic_treatment,4120.37,0.0
356,441,CLM-2024-00356,2024-04-25,2024-05-13,2025-08-04,closed,maternity,54251.43,0.0
357,442,CLM-2023-00357,2023-06-13,2023-07-05,2025-12-30,closed,emergency_room,221868.53,0.0
358,442,CLM-2023-00358,2023-08-26,2023-08-31,,open,maternity,11064.44,954.99
359,444,CLM-2024-00359,2024-01-03,2024-01-08,,open,maternity,22690.89,4613.02
360,444,CLM-2024-00360,2024-03-29,2024-04-03,2025-10-14,closed,chronic_treatment,7978.27,0.0
361,448,CLM-2024-00361,2024-05-13,2024-05-31,2025-05-28,closed,hail_damage,44851.2,0.0
362,448,CLM-2024-00362,2024-11-09,2024-11-18,,open,hail_damage,49817.65,10655.53
363,450,CLM-2021-00363,2021-03-01,2021-03-09,2025-07-06,closed,hail_damage,60239.32,0.0
364,450,CLM-2021-00364,2021-04-13,2021-04-14,2025-11-17,closed,hail_damage,34102.25,0.0
365,450,CLM-2021-00365,2021-07-10,2021-07-12,2025-11-14,closed,vandalism,28638.2,0.0
366,453,CLM-2021-00366,2021-03-07,2021-05-01,,open,collision,60490.91,2578.09
367,455,CLM-2022-00367,2022-06-07,2022-07-01,2025-07-28,closed,surgery,11046.66,0.0
368,457,CLM-2021-00368,2021-02-20,2021-03-03,2025-08-14,closed,collision,131149.65,0.0
369,457,CLM-2021-00369,2021-02-18,2021-04-02,2025-08-23,closed,rollover,10261.21,0.0
370,460,CLM-2022-00370,2022-01-04,2022-01-17,2025-07-11,closed,collision,31367.61,0.0
371,460,CLM-2022-00371,2022-03-10,2022-03-11,2025-12-31,closed,vandalism,10001.86,0.0
372,463,CLM-2021-00372,2021-05-17,2021-05-20,2025-12-31,closed,theft,102964.65,0.0
373,465,CLM-2023-00373,2023-05-15,2023-06-08,2025-12-29,denied,hospitalization,16158.12,0.0
374,466,CLM-2022-00374,2022-07-25,2022-08-04,,open,hit_and_run,41379.81,633.0
375,466,CLM-2023-00375,2023-03-30,2023-05-09,2025-05-14,closed,theft,56673.08,0.0
376,468,CLM-2023-00376,2023-07-04,2023-08-04,2025-12-28,closed,emergency_room,15129.92,0.0
377,468,CLM-2023-00377,2023-11-12,2023-11-24,,reopened,maternity,1372.73,74.4
378,468,CLM-2023-00378,2023-09-27,2023-10-16,2025-12-21,closed,emergency_room,17378.34,0.0
379,471,CLM-2023-00379,2023-07-09,2023-07-29,2025-11-21,denied,surgery,17403.09,0.0
380,472,CLM-2021-00380,2021-09-01,2021-09-10,2025-11-28,closed,hit_and_run,79203.08,0.0
381,473,CLM-2025-00381,2025-06-07,2025-06-08,2025-12-21,closed,maternity,16904.61,0.0
382,473,CLM-2025-00382,2025-12-10,2025-12-18,,open,maternity,77929.08,37427.98
383,474,CLM-2021-00383,2021-02-15,2021-02-20,2025-09-19,closed,theft,71079.47,0.0
384,477,CLM-2020-00384,2020-08-28,2020-08-29,2023-09-26,closed,surgery,11518.17,0.0
385,477,CLM-2020-00385,2020-10-10,2020-11-01,2024-09-14,closed,emergency_room,85462.2,0.0
386,477,CLM-2021-00386,2021-03-18,2021-05-04,2025-01-09,closed,hospitalization,132170.12,0.0
387,479,CLM-2020-00387,2020-07-12,2020-07-29,2025-02-17,closed,rollover,38949.73,0.0
388,481,CLM-2022-00388,2022-06-23,2022-06-29,2025-10-13,closed,water_damage,65583.75,0.0
389,481,CLM-2021-00389,2021-11-03,2022-01-14,2025-12-31,closed,hurricane,43189.26,0.0
390,484,CLM-2022-00390,2022-11-22,2022-11-28,2025-12-31,closed,collision,154543.4,0.0
391,485,CLM-2020-00391,2020-08-28,2020-09-12,2025-04-19,closed,collision,33596.28,0.0
392,487,CLM-2021-00392,2021-04-17,2021-04-27,2025-12-20,closed,vandalism,22924.96,0.0
393,487,CLM-2020-00393,2020-08-10,2020-08-16,2025-05-24,closed,hit_and_run,86491.45,0.0
394,487,CLM-2021-00394,2021-02-08,2021-02-21,2025-03-15,denied,vandalism,24594.88,0.0
395,489,CLM-2021-00395,2021-06-08,2021-06-25,2024-12-31,closed,hospitalization,51294.7,0.0
396,490,CLM-2020-00396,2020-03-30,2020-05-30,2025-05-09,closed,theft,149408.44,0.0
397,490,CLM-2020-00397,2020-08-23,2020-09-25,2025-11-19,closed,hurricane,21353.06,0.0
398,491,CLM-2020-00398,2020-12-29,2021-01-07,2024-01-17,closed,hospitalization,15995.65,0.0
399,491,CLM-2021-00399,2021-05-11,2021-06-29,2024-07-16,closed,maternity,27852.06,0.0
400,491,CLM-2021-00400,2021-09-08,2021-09-16,2024-11-15,closed,hospitalization,74488.24,0.0
401,494,CLM-2023-00401,2023-05-05,2023-05-12,,open,chronic_treatment,19173.97,997.42
402,500,CLM-2020-00402,2020-09-20,2020-11-01,2024-10-29,closed,hit_and_run,29152.2,0.0
403,500,CLM-2020-00403,2020-12-06,2020-12-27,2025-10-02,closed,theft,103189.02,0.0
404,500,CLM-2021-00404,2021-01-09,2021-01-16,2025-09-11,closed,rollover,53755.49,0.0
405,501,CLM-2022-00405,2022-02-16,2022-02-19,2025-12-28,closed,vandalism,20845.66,0.0
406,502,CLM-2023-00406,2023-11-28,2023-12-05,2025-12-31,closed,rollover,25199.79,0.0
407,504,CLM-2022-00407,2022-06-10,2022-06-13,,open,theft,49321.19,2953.8
408,504,CLM-2022-00408,2022-04-27,2022-05-08,2025-09-13,closed,theft,56975.37,0.0
409,505,CLM-2020-00409,2020-12-28,2021-01-05,2025-10-29,closed,vandalism,6772.94,0.0
410,506,CLM-2021-00410,2021-05-10,2021-05-13,2025-12-23,closed,bodily_injury,45049.41,0.0
411,507,CLM-2020-00411,2020-08-14,2020-08-15,,reopened,hail_damage,54961.69,3256.71
412,510,CLM-2025-00412,2025-08-13,2025-08-22,,open,hail_damage,24094.9,16781.68
413,511,CLM-2021-00413,2021-01-21,2021-02-28,,open,earthquake,146639.65,9574.01
414,512,CLM-2020-00414,2020-12-17,2021-01-07,2024-08-20,closed,surgery,49918.84,0.0
415,512,CLM-2020-00415,2020-06-16,2020-07-03,2023-12-12,closed,chronic_treatment,16647.91,0.0
416,515,CLM-2023-00416,2023-12-11,2023-12-27,2025-12-31,closed,hospitalization,37876.06,0.0
417,516,CLM-2025-00417,2025-10-18,2025-10-19,,open,maternity,35226.29,20189.93
418,517,CLM-2021-00418,2021-10-23,2021-11-01,2025-04-24,closed,emergency_room,7336.22,0.0
419,517,CLM-2021-00419,2021-09-04,2021-10-08,2025-07-05,closed,chronic_treatment,94876.12,0.0
420,524,CLM-2023-00420,2023-02-13,2023-02-22,2025-04-14,closed,hit_and_run,98730.27,0.0
421,524,CLM-2022-00421,2022-09-08,2022-10-03,,reopened,vandalism,16210.33,464.34
422,526,CLM-2024-00422,2024-11-25,2024-12-06,2025-12-16,closed,collision,168954.35,0.0
423,526,CLM-2024-00423,2024-11-29,2024-12-23,,open,rollover,43141.03,12566.9
424,529,CLM-2023-00424,2023-03-08,2023-03-09,2025-06-09,closed,surgery,14548.66,0.0
425,531,CLM-2022-00425,2022-07-13,2022-07-26,,open,hail_damage,4682.46,128.06
426,532,CLM-2024-00426,2024-09-20,2024-09-23,2025-11-10,denied,surgery,11134.42,0.0
427,532,CLM-2025-00427,2025-01-25,2025-02-01,2025-05-28,closed,surgery,39101.72,0.0
428,534,CLM-2021-00428,2021-02-15,2021-04-06,2025-12-31,closed,rollover,49295.43,0.0
429,534,CLM-2021-00429,2021-04-01,2021-04-17,2025-07-16,closed,rollover,24648.21,0.0
430,535,CLM-2023-00430,2023-04-12,2023-05-27,2025-09-19,closed,hit_and_run,143125.57,0.0
431,536,CLM-2021-00431,2021-06-18,2021-07-14,2025-08-12,denied,theft,35359.21,0.0
432,538,CLM-2024-00432,2024-09-26,2024-09-30,2025-12-31,closed,hail_damage,80258.05,0.0
433,538,CLM-2024-00433,2024-05-18,2024-05-28,2025-06-27,closed,vandalism,41484.1,0.0
434,538,CLM-2024-00434,2024-08-22,2024-09-20,2025-12-08,closed,collision,295026.58,0.0
435,539,CLM-2025-00435,2025-03-31,2025-04-10,,open,hit_and_run,48874.02,27626.38
436,539,CLM-2025-00436,2025-10-05,2025-12-06,,open,rollover,9601.83,7587.81
437,540,CLM-2023-00437,2023-06-09,2023-07-03,2025-06-30,closed,maternity,50655.6,0.0
438,540,CLM-2023-00438,2023-11-01,2023-11-02,2025-12-29,denied,emergency_room,25302.32,0.0
439,543,CLM-2025-00439,2025-07-28,2025-08-09,,open,hit_and_run,119524.93,59548.2
440,544,CLM-2022-00440,2022-10-09,2023-01-03,2025-12-15,closed,structural_damage,39900.63,0.0
441,545,CLM-2020-00441,2020-05-21,2020-06-19,,reopened,professional_negligence,854367.26,20851.51
442,547,CLM-2024-00442,2024-08-30,2024-09-01,,open,hospitalization,6034.97,1158.67
443,550,CLM-2022-00443,2022-10-26,2022-10-31,2025-12-31,closed,emergency_room,5978.78,0.0
444,551,CLM-2023-00444,2023-06-10,2023-06-18,2025-09-17,closed,surgery,154557.76,0.0
445,551,CLM-2023-00445,2023-04-04,2023-04-05,2025-06-01,closed,surgery,36376.88,0.0
446,554,CLM-2021-00446,2021-03-21,2021-03-27,2025-08-31,closed,rollover,20730.64,0.0
447,557,CLM-2021-00447,2021-11-13,2021-11-15,2025-11-28,closed,maternity,10108.18,0.0
448,559,CLM-2020-00448,2020-05-30,2020-06-02,2024-02-03,closed,chronic_treatment,84844.52,0.0
449,559,CLM-2020-00449,2020-12-05,2020-12-07,2024-07-07,closed,hospitalization,27220.95,0.0
450,559,CLM-2021-00450,2021-03-21,2021-04-12,,open,chronic_treatment,13106.86,556.13
451,560,CLM-2020-00451,2020-07-31,2020-08-02,2023-12-09,closed,surgery,10463.93,0.0
452,560,CLM-2020-00452,2020-10-24,2020-12-13,2023-12-26,denied,maternity,16308.59,0.0
453,564,CLM-2024-00453,2024-03-04,2024-03-11,,open,collision,8305.25,2625.29
454,565,CLM-2021-00454,2021-11-15,2021-11-22,,open,hospitalization,25869.4,1361.08
455,566,CLM-2025-00455,2025-07-04,2025-07-07,,open,theft,19143.57,11273.33
456,566,CLM-2025-00456,2025-11-20,2025-11-21,2025-12-27,closed,hail_damage,22236.26,0.0
457,567,CLM-2023-00457,2023-11-26,2023-12-03,2025-12-31,closed,emergency_room,64188.58,0.0
458,567,CLM-2023-00458,2023-08-04,2023-08-10,2025-12-02,denied,chronic_treatment,43551.21,0.0
459,567,CLM-2023-00459,2023-08-22,2023-08-24,2025-12-05,closed,surgery,36474.61,0.0
460,567,CLM-2023-00460,2023-05-30,2023-06-06,2025-08-11,closed,chronic_treatment,14718.88,0.0
461,568,CLM-2021-00461,2021-02-28,2021-03-07,2024-10-22,closed,chronic_treatment,6151.93,0.0
462,569,CLM-2025-00462,2025-06-17,2025-06-25,,open,hail_damage,108695.65,54990.23
463,571,CLM-2023-00463,2023-11-10,2023-11-29,,open,hail_damage,4305.6,548.92
464,575,CLM-2023-00464,2023-07-09,2023-07-14,,open,chronic_treatment,7128.59,551.19
465,580,CLM-2021-00465,2021-03-30,2021-05-15,2025-11-15,closed,fire,50880.23,0.0
466,582,CLM-2021-00466,2021-08-21,2021-09-19,2025-04-30,closed,emergency_room,52934.71,0.0
467,588,CLM-2020-00467,2020-12-27,2021-01-03,,open,hospitalization,8490.89,456.27
468,588,CLM-2020-00468,2020-08-29,2020-09-02,2024-05-09,closed,hospitalization,38376.43,0.0
469,588,CLM-2021-00469,2021-03-01,2021-03-06,2025-01-29,closed,surgery,22104.02,0.0
470,589,CLM-2022-00470,2022-09-22,2022-09-27,2025-10-30,closed,maternity,16931.14,0.0
471,589,CLM-2022-00471,2022-04-28,2022-05-19,2025-10-17,closed,maternity,44033.19,0.0
472,590,CLM-2022-00472,2022-03-28,2022-04-10,2025-11-23,closed,maternity,59451.49,0.0
473,590,CLM-2022-00473,2022-10-12,2022-10-13,2025-11-05,closed,maternity,69550.73,0.0
474,590,CLM-2022-00474,2022-03-28,2022-04-01,,open,hospitalization,102116.43,1362.41
475,590,CLM-2021-00475,2021-12-24,2021-12-26,2025-10-15,closed,chronic_treatment,28395.66,0.0
476,593,CLM-2021-00476,2021-08-05,2021-08-13,2025-06-07,closed,maternity,67328.85,0.0
477,598,CLM-2023-00477,2023-12-09,2023-12-13,2025-12-31,closed,hail_damage,61812.36,0.0
478,599,CLM-2020-00478,2020-07-27,2020-08-23,,open,vandalism,23638.74,1259.5
479,601,CLM-2021-00479,2021-07-27,2021-08-19,2025-12-11,closed,hail_damage,117014.5,0.0
480,602,CLM-2023-00480,2023-05-15,2023-05-23,2025-07-29,closed,maternity,40325.62,0.0
481,602,CLM-2023-00481,2023-06-04,2023-06-05,,open,emergency_room,8336.98,478.39
482,603,CLM-2022-00482,2022-09-15,2022-09-25,2025-10-08,closed,surgery,9541.21,0.0
483,603,CLM-2023-00483,2023-06-08,2023-06-09,2025-12-30,closed,surgery,9085.19,0.0
484,606,CLM-2025-00484,2025-12-05,2025-12-14,,open,maternity,21914.64,8937.08
485,606,CLM-2025-00485,2025-10-21,2025-10-25,,open,hospitalization,110502.63,55897.43
486,607,CLM-2021-00486,2021-06-21,2021-06-22,2025-05-25,denied,hospitalization,59563.58,0.0
487,608,CLM-2023-00487,2023-08-13,2023-09-02,2025-12-05,closed,hospitalization,465692.68,0.0
488,608,CLM-2023-00488,2023-08-14,2023-08-15,,open,hospitalization,28728.25,1779.92
489,608,CLM-2023-00489,2023-03-06,2023-03-22,2025-08-24,closed,chronic_treatment,34300.99,0.0
490,608,CLM-2022-00490,2022-12-24,2023-01-05,2025-12-31,closed,chronic_treatment,88284.5,0.0
491,609,CLM-2023-00491,2023-08-14,2023-08-23,2025-08-29,closed,chronic_treatment,35006.11,0.0
492,612,CLM-2024-00492,2024-05-06,2024-05-09,2025-07-24,closed,theft,23019.73,0.0
493,613,CLM-2021-00493,2021-09-18,2021-10-07,2025-12-31,closed,rollover,21857.79,0.0
494,621,CLM-2020-00494,2020-06-07,2020-07-23,2024-01-15,denied,hospitalization,10125.98,0.0
495,621,CLM-2020-00495,2020-07-11,2020-08-18,,open,surgery,32154.66,1505.14
496,621,CLM-2021-00496,2021-01-10,2021-01-27,2024-11-17,denied,hospitalization,9650.16,0.0
497,621,CLM-2020-00497,2020-06-30,2020-07-12,2024-06-07,closed,surgery,10798.08,0.0
498,623,CLM-2021-00498,2021-08-16,2021-08-20,2025-08-09,closed,maternity,9396.6,0.0
499,626,CLM-2021-00499,2021-05-09,2021-07-04,,reopened,death_natural,552890.8,33122.85
500,629,CLM-2020-00500,2020-12-03,2020-12-06,,open,chronic_treatment,68693.48,3504.99
501,630,CLM-2024-00501,2024-01-04,2024-01-24,2025-11-07,closed,theft,28620.43,0.0
502,636,CLM-2022-00502,2022-04-28,2022-05-26,2025-10-01,closed,chronic_treatment,15390.95,0.0
503,637,CLM-2025-00503,2025-05-17,2025-05-26,,open,vandalism,26435.36,13049.85
504,637,CLM-2025-00504,2025-05-03,2025-05-08,,open,theft,14131.55,7458.08
505,638,CLM-2021-00505,2021-08-27,2021-08-29,2025-04-24,closed,surgery,8347.15,0.0
506,638,CLM-2021-00506,2021-04-26,2021-04-30,,reopened,hospitalization,5667.87,289.02
507,638,CLM-2021-00507,2021-10-17,2021-11-03,2025-09-11,closed,surgery,172863.01,0.0
508,639,CLM-2024-00508,2024-09-12,2024-09-15,2025-11-19,closed,collision,34953.79,0.0
509,639,CLM-2025-00509,2025-04-24,2025-04-26,,open,hit_and_run,23046.44,16725.48
510,640,CLM-2023-00510,2023-02-01,2023-02-02,2025-04-13,closed,rollover,28178.3,0.0
511,641,CLM-2022-00511,2022-02-05,2022-02-18,2025-04-22,closed,hail_damage,29342.66,0.0
512,643,CLM-2024-00512,2024-01-26,2024-01-28,,open,collision,6814.78,2197.29
513,643,CLM-2024-00513,2024-03-28,2024-04-13,2025-12-31,closed,vandalism,24936.28,0.0
514,644,CLM-2020-00514,2020-10-29,2020-11-02,2025-12-31,closed,theft,27968.92,0.0
515,644,CLM-2020-00515,2020-09-13,2020-09-25,2025-10-24,closed,structural_damage,27340.76,0.0
516,645,CLM-2021-00516,2021-06-11,2021-06-30,2024-08-28,closed,hospitalization,54663.78,0.0
517,648,CLM-2024-00517,2024-02-26,2024-03-02,2025-09-24,closed,emergency_room,18682.09,0.0
518,648,CLM-2024-00518,2024-01-25,2024-02-01,2025-08-23,closed,maternity,64229.18,0.0
519,648,CLM-2024-00519,2024-04-21,2024-04-29,,reopened,maternity,8061.7,1588.85
520,649,CLM-2020-00520,2020-06-03,2020-06-15,2023-07-06,closed,hospitalization,11620.24,0.0
521,650,CLM-2021-00521,2021-05-29,2021-06-10,2024-11-04,closed,chronic_treatment,17102.74,0.0
522,650,CLM-2021-00522,2021-07-12,2021-07-28,2025-02-17,closed,maternity,54187.3,0.0
523,650,CLM-2021-00523,2021-02-25,2021-02-27,,reopened,maternity,7103.67,313.66
524,650,CLM-2021-00524,2021-05-30,2021-08-07,,open,hospitalization,16357.03,173.08
525,651,CLM-2021-00525,2021-04-09,2021-04-11,2025-02-28,closed,hospitalization,14276.69,0.0
526,654,CLM-2023-00526,2023-12-22,2024-01-14,2025-12-31,closed,water_damage,68730.53,0.0
527,656,CLM-2021-00527,2021-05-16,2021-05-29,2024-07-02,closed,chronic_treatment,35348.41,0.0
528,656,CLM-2021-00528,2021-06-01,2021-06-17,2024-08-15,closed,chronic_treatment,45893.58,0.0
529,657,CLM-2022-00529,2022-02-11,2022-02-18,2025-03-10,closed,rollover,86753.4,0.0
530,658,CLM-2022-00530,2022-01-14,2022-01-17,2025-04-11,closed,theft,33921.79,0.0
531,666,CLM-2021-00531,2021-12-24,2022-01-07,2025-12-25,closed,collision,95378.27,0.0
532,668,CLM-2022-00532,2022-12-28,2023-01-31,2025-12-31,closed,maternity,20459.61,0.0
533,673,CLM-2023-00533,2023-10-03,2023-10-26,2025-11-24,closed,collision,114682.91,0.0
534,675,CLM-2020-00534,2020-08-17,2020-09-03,2024-11-13,closed,theft,123385.79,0.0
535,675,CLM-2020-00535,2020-05-06,2020-05-07,2024-10-01,closed,vandalism,22267.78,0.0
536,676,CLM-2025-00536,2025-08-24,2025-09-26,,open,rollover,84807.23,51662.22
537,677,CLM-2024-00537,2024-11-07,2024-11-16,2025-12-31,denied,hit_and_run,13395.04,0.0
538,678,CLM-2023-00538,2023-01-25,2023-02-09,2025-03-24,closed,maternity,17089.55,0.0
539,678,CLM-2023-00539,2023-03-07,2023-03-11,2025-04-30,closed,chronic_treatment,9411.4,0.0
540,678,CLM-2023-00540,2023-04-11,2023-05-06,2025-11-15,denied,chronic_treatment,3417.96,0.0
541,678,CLM-2023-00541,2023-06-02,2023-06-29,2025-09-06,closed,maternity,32500.53,0.0
542,679,CLM-2020-00542,2020-06-04,2020-06-26,,open,hospitalization,18027.29,1084.49
543,679,CLM-2020-00543,2020-06-07,2020-06-14,2023-09-27,closed,maternity,11145.81,0.0
544,680,CLM-2025-00544,2025-08-02,2025-08-05,,open,surgery,28490.52,11040.54
545,685,CLM-2020-00545,2020-08-20,2020-09-11,2024-06-16,closed,maternity,88563.79,0.0
546,686,CLM-2022-00546,2022-01-19,2022-03-16,,reopened,water_damage,32860.13,2966.34
547,687,CLM-2020-00547,2020-11-28,2020-12-10,2025-08-26,closed,hail_damage,65793.94,0.0
548,689,CLM-2020-00548,2020-11-24,2020-12-01,2025-09-20,closed,collision,11043.18,0.0
549,689,CLM-2021-00549,2021-04-17,2021-06-18,2025-08-17,closed,vandalism,20580.27,0.0
550,690,CLM-2023-00550,2023-01-19,2023-02-01,2025-07-09,closed,surgery,19441.87,0.0
551,690,CLM-2023-00551,2023-01-15,2023-01-20,2025-12-08,closed,maternity,61487.55,0.0
552,690,CLM-2022-00552,2022-11-07,2022-11-11,2025-12-31,closed,emergency_room,19070.37,0.0
553,697,CLM-2025-00553,2025-01-03,2025-01-06,,open,chronic_treatment,156710.32,71397.88
554,702,CLM-2023-00554,2023-02-21,2023-04-07,2025-05-28,closed,emergency_room,15640.81,0.0
555,707,CLM-2024-00555,2024-02-11,2024-04-11,2025-03-28,closed,rollover,235944.55,0.0
556,707,CLM-2024-00556,2024-05-04,2024-05-29,2025-09-16,closed,theft,8164.66,0.0
557,709,CLM-2023-00557,2023-05-24,2023-06-23,2025-11-02,denied,chronic_treatment,16021.56,0.0
558,711,CLM-2022-00558,2022-04-25,2022-05-04,2025-07-21,closed,chronic_treatment,127144.33,0.0
559,712,CLM-2020-00559,2020-05-08,2020-05-11,2025-05-14,closed,vandalism,7986.96,0.0
560,713,CLM-2021-00560,2021-11-04,2021-11-27,2025-12-31,closed,structural_damage,145104.1,0.0
561,715,CLM-2020-00561,2020-12-05,2020-12-09,2024-03-14,closed,emergency_room,9027.6,0.0
562,715,CLM-2021-00562,2021-01-20,2021-02-08,2024-09-11,closed,chronic_treatment,20464.09,0.0
563,717,CLM-2020-00563,2020-12-25,2021-01-15,2025-06-17,closed,collision,120798.34,0.0
564,720,CLM-2022-00564,2022-11-25,2022-12-29,2025-12-31,closed,hospitalization,8458.21,0.0
565,721,CLM-2021-00565,2021-03-22,2021-03-31,2025-03-15,closed,maternity,33929.3,0.0
566,721,CLM-2021-00566,2021-07-21,2021-07-26,,open,chronic_treatment,22934.65,142.45
567,721,CLM-2021-00567,2021-04-12,2021-04-14,2024-11-05,closed,surgery,266413.51,0.0
568,725,CLM-2021-00568,2021-06-16,2021-06-24,2024-09-29,closed,hospitalization,14333.96,0.0
569,731,CLM-2023-00569,2023-11-23,2024-01-09,2025-12-31,closed,hail_damage,27454.36,0.0
570,733,CLM-2022-00570,2022-06-21,2022-08-05,2025-12-15,closed,maternity,11818.04,0.0
571,735,CLM-2021-00571,2021-08-11,2021-08-26,2025-10-26,closed,vandalism,18237.56,0.0
572,736,CLM-2025-00572,2025-10-24,2025-11-03,,open,hail_damage,9923.24,5466.46
573,736,CLM-2025-00573,2025-04-18,2025-04-25,2025-07-07,closed,vandalism,35682.64,0.0
574,738,CLM-2023-00574,2023-11-19,2023-11-22,2025-12-31,closed,collision,89961.35,0.0
575,739,CLM-2022-00575,2022-12-03,2022-12-20,2025-12-31,closed,theft,120725.33,0.0
576,740,CLM-2021-00576,2021-01-07,2021-01-18,2024-11-13,closed,chronic_treatment,78391.24,0.0
577,740,CLM-2020-00577,2020-09-26,2020-10-02,2024-05-30,denied,emergency_room,58405.57,0.0
578,754,CLM-2021-00578,2021-08-11,2021-09-02,2025-08-25,closed,emergency_room,29916.57,0.0
579,754,CLM-2021-00579,2021-04-26,2021-04-27,2024-10-11,closed,hospitalization,15604.44,0.0
580,754,CLM-2021-00580,2021-01-20,2021-02-03,2024-03-14,closed,surgery,6065.35,0.0
581,754,CLM-2021-00581,2021-07-02,2021-08-07,2024-10-11,closed,chronic_treatment,50343.02,0.0
582,755,CLM-2020-00582,2020-12-06,2020-12-10,2024-11-20,denied,chronic_treatment,10516.7,0.0
583,755,CLM-2020-00583,2020-09-01,2020-10-07,2024-03-19,closed,maternity,24125.4,0.0
584,755,CLM-2021-00584,2021-03-31,2021-04-10,2024-12-31,closed,chronic_treatment,76993.22,0.0
585,766,CLM-2022-00585,2022-05-25,2022-07-08,2025-09-28,closed,chronic_treatment,67756.65,0.0
586,771,CLM-2023-00586,2023-10-18,2023-11-12,2025-12-31,closed,maternity,45477.19,0.0
587,773,CLM-2022-00587,2022-03-12,2022-04-13,2025-12-31,closed,hit_and_run,10657.25,0.0
588,773,CLM-2021-00588,2021-11-16,2021-12-19,2025-12-31,closed,vandalism,25685.41,0.0
589,774,CLM-2021-00589,2021-12-22,2022-01-05,2025-06-28,closed,chronic_treatment,20487.2,0.0
590,776,CLM-2023-00590,2023-07-13,2023-07-27,2025-11-13,denied,surgery,39354.85,0.0
591,777,CLM-2020-00591,2020-07-30,2020-07-31,2025-06-12,closed,hail_damage,71163.58,0.0
592,781,CLM-2021-00592,2021-05-05,2021-05-20,2024-07-18,closed,surgery,31905.16,0.0
593,782,CLM-2021-00593,2021-03-23,2021-03-24,2024-06-06,closed,hospitalization,2834.6,0.0
594,783,CLM-2020-00594,2020-10-17,2020-10-18,2025-08-23,closed,vandalism,43544.69,0.0
595,787,CLM-2021-00595,2021-06-11,2021-06-13,2025-12-25,denied,rollover,9671.52,0.0
596,788,CLM-2022-00596,2022-01-15,2022-01-22,2023-05-30,denied,death_natural,878364.09,0.0
597,790,CLM-2021-00597,2021-10-05,2021-12-17,,open,hail_damage,12405.11,29.42
598,793,CLM-2021-00598,2021-07-16,2021-08-14,2025-07-03,closed,emergency_room,14605.91,0.0
599,793,CLM-2021-00599,2021-09-27,2021-10-06,2025-07-02,closed,surgery,10112.6,0.0
600,794,CLM-2020-00600,2020-09-29,2020-10-01,2025-04-20,closed,hail_damage,44193.35,0.0
601,797,CLM-2021-00601,2021-08-19,2021-08-20,2025-01-04,closed,chronic_treatment,31153.62,0.0
602,797,CLM-2021-00602,2021-11-16,2021-12-16,2025-06-06,denied,maternity,30187.5,0.0
603,797,CLM-2021-00603,2021-08-07,2021-08-10,2024-11-16,closed,maternity,14697.99,0.0
604,799,CLM-2020-00604,2020-05-01,2020-06-21,2023-09-04,closed,maternity,37716.27,0.0
605,799,CLM-2020-00605,2020-03-11,2020-03-12,2023-10-01,closed,emergency_room,13447.99,0.0
606,799,CLM-2020-00606,2020-07-12,2020-07-31,2023-12-29,closed,emergency_room,75714.55,0.0
607,799,CLM-2020-00607,2020-11-27,2020-12-02,2024-11-26,closed,chronic_treatment,22979.74,0.0
608,800,CLM-2023-00608,2023-04-06,2023-04-13,2025-10-30,closed,maternity,9903.79,0.0
