policy_id,policyholder_id,policy_number,coverage_type,effective_date,expiration_date,annual_premium,deductible,coverage_limit,status
1,375,POL-2021-00001,auto,2021-02-19,2022-02-19,13046.76,3424.42,495102.7,renewed
2,29,POL-2021-00002,auto,2021-03-10,2022-03-10,18658.19,5717.08,476306.71,expired
3,143,POL-2023-00003,liability,2023-03-13,2024-03-12,10050.23,48648.11,5697821.03,renewed
4,55,POL-2023-00004,life,2023-05-09,2024-05-08,39441.14,0.0,2833505.16,renewed
5,328,POL-2021-00005,auto,2021-01-22,2022-01-22,20775.83,6553.74,778745.09,expired
6,101,POL-2022-00006,health,2022-12-05,2023-12-05,35273.65,7214.32,591075.49,renewed
7,118,POL-2020-00007,liability,2020-08-12,2021-08-12,10780.77,26808.9,2692938.05,renewed
8,337,POL-2022-00008,auto,2022-04-23,2023-04-23,23096.49,8349.47,359835.94,expired
9,71,POL-2025-00009,auto,2025-02-06,2026-02-06,18378.87,5153.4,439300.12,active
10,176,POL-2022-00010,auto,2022-08-14,2023-08-14,20401.42,9642.12,805202.44,expired
11,381,POL-2021-00011,home,2021-01-16,2022-01-16,9869.66,12825.71,2440179.31,renewed
12,153,POL-2024-00012,health,2024-08-14,2025-08-14,21540.5,3084.24,1380301.18,expired
13,118,POL-2020-00013,auto,2020-12-30,2021-12-30,16436.91,9434.72,226073.95,renewed
14,437,POL-2021-00014,auto,2021-09-30,2022-09-30,24762.51,4462.72,358494.19,expired
15,340,POL-2021-00015,liability,2021-01-30,2022-01-30,7520.82,43070.49,2247224.96,renewed
16,75,POL-2022-00016,home,2022-03-18,2023-03-18,13516.18,6037.1,1266435.9,renewed
17,36,POL-2022-00017,auto,2022-11-13,2023-11-13,20303.67,3464.79,890038.24,expired
18,215,POL-2020-00018,health,2020-04-20,2021-04-20,35608.91,3408.22,1870683.29,expired
19,114,POL-2023-00019,home,2023-01-09,2024-01-09,12509.91,19836.38,1175583.01,renewed
20,180,POL-2020-00020,health,2020-04-16,2021-04-16,29956.42,6111.29,1158293.21,renewed
21,262,POL-2021-00021,home,2021-06-24,2022-06-24,11933.42,9903.48,1874662.76,renewed
22,224,POL-2021-00022,auto,2021-01-15,2022-01-15,18236.03,3936.5,755087.47,renewed
23,69,POL-2020-00023,health,2020-02-24,2021-02-23,10258.52,2283.5,2405628.37,expired
24,386,POL-2020-00024,life,2020-05-02,2021-05-02,35724.65,0.0,2436817.59,expired
25,358,POL-2021-00025,auto,2021-10-01,2022-10-01,12379.5,4326.44,299140.71,cancelled
26,445,POL-2021-00026,liability,2021-03-22,2022-03-22,13710.5,42230.91,3225403.75,renewed
27,165,POL-2020-00027,liability,2020-10-16,2021-10-16,14183.33,37275.84,9771313.72,renewed
28,1,POL-2021-00028,home,2021-12-02,2022-12-02,8550.53,12914.55,803184.37,expired
29,334,POL-2020-00029,life,2020-06-27,2021-06-27,41786.24,0.0,4601112.4,expired
30,201,POL-2020-00030,health,2020-01-21,2021-01-20,32720.48,6969.19,2295876.41,renewed
31,139,POL-2020-00031,health,2020-09-10,2021-09-10,38709.15,5525.13,2160862.17,renewed
32,418,POL-2023-00032,home,2023-05-19,2024-05-18,8036.08,13091.57,2666189.29,expired
33,197,POL-2020-00033,liability,2020-12-31,2021-12-31,9995.74,33407.65,6916005.66,renewed
34,25,POL-2022-00034,health,2022-04-15,2023-04-15,26125.23,5637.18,752983.42,renewed
35,202,POL-2021-00035,auto,2021-10-16,2022-10-16,19543.88,3632.86,673819.96,renewed
36,215,POL-2022-00036,auto,2022-11-25,2023-11-25,18053.16,5370.14,557000.02,renewed
37,479,POL-2022-00037,health,2022-10-30,2023-10-30,21046.97,2302.28,857518.5,renewed
38,98,POL-2021-00038,auto,2021-12-02,2022-12-02,11992.28,3740.25,470644.42,renewed
39,286,POL-2021-00039,health,2021-12-11,2022-12-11,34081.15,2664.92,2021649.38,renewed
40,342,POL-2021-00040,life,2021-03-12,2022-03-12,45928.32,0.0,3209012.48,cancelled
41,219,POL-2023-00041,auto,2023-01-19,2024-01-19,8575.92,7781.1,960397.02,renewed
42,283,POL-2020-00042,health,2020-11-05,2021-11-05,38111.88,5194.49,2105793.53,cancelled
43,151,POL-2021-00043,home,2021-01-20,2022-01-20,6451.29,8490.98,4264883.36,expired
44,87,POL-2020-00044,auto,2020-11-30,2021-11-30,10774.51,6943.21,494474.62,expired
45,112,POL-2024-00045,health,2024-07-19,2025-07-19,37403.01,7414.94,2572718.96,expired
46,172,POL-2022-00046,health,2022-08-14,2023-08-14,10494.47,7748.56,1964009.4,renewed
47,468,POL-2021-00047,health,2021-08-22,2022-08-22,25292.04,5043.14,1592473.22,expired
48,440,POL-2020-00048,auto,2020-02-20,2021-02-19,24488.84,4210.49,455732.45,renewed
49,146,POL-2021-00049,auto,2021-07-12,2022-07-12,18943.59,9650.01,428176.87,renewed
50,418,POL-2020-00050,health,2020-03-28,2021-03-28,10929.84,5706.02,2195776.52,renewed
51,210,POL-2021-00051,health,2021-04-06,2022-04-06,21881.96,2247.52,749879.64,renewed
52,108,POL-2025-00052,health,2025-03-10,2026-03-10,32530.26,6960.65,1863012.25,active
53,48,POL-2022-00053,health,2022-01-06,2023-01-06,13668.69,7557.09,565043.51,renewed
54,230,POL-2020-00054,health,2020-09-21,2021-09-21,23357.7,4006.16,914982.28,expired
55,492,POL-2021-00055,home,2021-03-13,2022-03-13,18396.95,14788.51,1059846.75,renewed
56,105,POL-2024-00056,auto,2024-06-30,2025-06-30,24022.58,9654.65,528962.54,renewed
57,212,POL-2021-00057,health,2021-02-02,2022-02-02,10947.44,2864.94,2035497.01,renewed
58,304,POL-2022-00058,auto,2022-01-19,2023-01-19,21927.41,6449.86,818316.07,renewed
59,418,POL-2021-00059,auto,2021-05-09,2022-05-09,22635.06,8761.47,921719.73,expired
60,313,POL-2025-00060,health,2025-03-05,2026-03-05,27136.4,4534.97,1900934.74,cancelled
61,157,POL-2020-00061,auto,2020-03-24,2021-03-24,9401.28,6475.95,910209.34,expired
62,395,POL-2021-00062,health,2021-03-09,2022-03-09,16278.32,6937.62,995957.41,renewed
63,373,POL-2023-00063,health,2023-06-06,2024-06-05,35887.79,3746.3,2704043.05,renewed
64,442,POL-2023-00064,health,2023-01-02,2024-01-02,39792.97,4520.98,2534789.21,renewed
65,20,POL-2021-00065,health,2021-08-31,2022-08-31,21832.78,5392.8,764855.89,cancelled
66,500,POL-2023-00066,auto,2023-09-09,2024-09-08,12181.68,6441.27,844653.57,renewed
67,249,POL-2020-00067,health,2020-05-25,2021-05-25,24018.2,5685.69,1618189.22,renewed
68,467,POL-2021-00068,home,2021-04-23,2022-04-23,12082.17,17267.53,3855415.96,renewed
69,356,POL-2023-00069,auto,2023-08-01,2024-07-31,10609.37,7078.78,428249.59,renewed
70,165,POL-2020-00070,health,2020-09-28,2021-09-28,25334.31,7691.88,1453268.85,expired
71,334,POL-2025-00071,health,2025-05-02,2026-05-02,14975.98,6917.95,580373.49,active
72,244,POL-2024-00072,home,2024-11-07,2025-11-07,10817.96,17184.45,3693012.82,renewed
73,152,POL-2024-00073,home,2024-09-09,2025-09-09,7555.87,14642.06,4873974.54,expired
74,246,POL-2020-00074,auto,2020-10-29,2021-10-29,11848.76,6522.25,992697.98,renewed
75,277,POL-2021-00075,auto,2021-02-20,2022-02-20,21726.61,5486.97,528273.09,renewed
76,370,POL-2022-00076,auto,2022-11-04,2023-11-04,14688.77,9250.33,202165.82,expired
77,186,POL-2021-00077,auto,2021-10-14,2022-10-14,12624.77,6220.26,345218.49,renewed
78,322,POL-2022-00078,liability,2022-02-04,2023-02-04,13132.9,16999.11,7883308.01,expired
79,323,POL-2023-00079,home,2023-07-29,2024-07-28,7799.93,12455.39,648212.07,expired
80,355,POL-2022-00080,auto,2022-07-14,2023-07-14,22995.32,8582.62,895747.44,expired
81,159,POL-2022-00081,health,2022-11-02,2023-11-02,29583.62,7514.66,751305.0,renewed
82,357,POL-2020-00082,auto,2020-08-04,2021-08-04,19480.86,8887.84,992800.2,renewed
83,384,POL-2023-00083,auto,2023-12-11,2024-12-10,8830.88,8278.63,483780.26,renewed
84,385,POL-2021-00084,health,2021-02-07,2022-02-07,13508.42,2619.94,2094475.1,expired
85,91,POL-2020-00085,home,2020-04-05,2021-04-05,15302.74,13087.52,4707310.18,renewed
86,365,POL-2023-00086,home,2023-09-16,2024-09-15,19826.71,17698.97,3108491.24,renewed
87,178,POL-2021-00087,health,2021-01-28,2022-01-28,33111.86,7989.37,1731157.29,renewed
88,326,POL-2021-00088,auto,2021-08-10,2022-08-10,13589.26,8117.21,347046.5,expired
89,260,POL-2020-00089,auto,2020-02-13,2021-02-12,19789.59,3279.63,222633.84,renewed
90,302,POL-2020-00090,liability,2020-10-07,2021-10-07,14079.75,21512.36,7112308.32,renewed
91,322,POL-2025-00091,auto,2025-04-19,2026-04-19,20564.27,6256.49,375994.75,cancelled
92,454,POL-2022-00092,health,2022-02-17,2023-02-17,23883.97,6958.46,2209611.71,renewed
93,234,POL-2022-00093,health,2022-03-23,2023-03-23,21151.34,2273.97,2467352.84,expired
94,65,POL-2021-00094,home,2021-10-04,2022-10-04,13817.33,8488.3,788939.83,expired
95,417,POL-2021-00095,health,2021-03-31,2022-03-31,22939.55,6890.27,1302092.24,renewed
96,290,POL-2024-00096,health,2024-06-18,2025-06-18,32433.69,4747.38,1536068.18,renewed
97,235,POL-2020-00097,liability,2020-08-29,2021-08-29,7978.22,14954.28,4693973.26,expired
98,396,POL-2024-00098,liability,2024-03-23,2025-03-23,8492.82,10810.45,3245933.58,renewed
99,322,POL-2020-00099,auto,2020-01-14,2021-01-13,14822.21,6703.28,200792.0,expired
100,220,POL-2020-00100,auto,2020-04-25,2021-04-25,17322.76,4552.76,219383.48,renewed
101,99,POL-2020-00101,life,2020-07-20,2021-07-20,20129.14,0.0,3470640.96,expired
102,3,POL-2025-00102,health,2025-05-13,2026-05-13,16120.39,5738.43,1550208.91,cancelled
103,260,POL-2024-00103,home,2024-02-02,2025-02-01,19956.04,10686.88,3419487.07,expired
104,364,POL-2020-00104,life,2020-05-29,2021-05-29,39653.89,0.0,3133549.72,renewed
105,163,POL-2021-00105,health,2021-12-03,2022-12-03,17323.57,7126.36,586177.48,expired
106,431,POL-2025-00106,health,2025-04-11,2026-04-11,30224.33,2359.95,1974474.96,active
107,99,POL-2021-00107,health,2021-01-03,2022-01-03,30918.47,5565.77,1019092.93,renewed
108,46,POL-2024-00108,liability,2024-12-04,2025-12-04,6859.01,13435.45,3201644.19,renewed
109,18,POL-2025-00109,auto,2025-05-01,2026-05-01,21852.89,4180.51,426880.92,active
110,179,POL-2020-00110,home,2020-07-16,2021-07-16,18129.42,7303.67,3995099.04,cancelled
111,74,POL-2024-00111,auto,2024-10-19,2025-10-19,13718.48,4099.18,209447.27,renewed
112,221,POL-2024-00112,auto,2024-02-23,2025-02-22,9712.95,7145.25,405720.38,cancelled
113,307,POL-2020-00113,liability,2020-10-18,2021-10-18,9886.14,17332.73,5222200.93,expired
114,324,POL-2020-00114,health,2020-04-05,2021-04-05,34585.84,5923.43,2275002.35,renewed
115,203,POL-2024-00115,health,2024-12-06,2025-12-06,18346.51,2597.06,2015626.55,renewed
116,399,POL-2020-00116,auto,2020-07-01,2021-07-01,10725.75,7272.85,832692.1,renewed
117,102,POL-2020-00117,health,2020-01-23,2021-01-22,26890.32,4837.32,2137784.73,renewed
118,104,POL-2025-00118,auto,2025-05-17,2026-05-17,18099.63,4713.98,796540.0,active
119,264,POL-2023-00119,auto,2023-02-05,2024-02-05,9882.76,3556.54,800669.07,renewed
120,397,POL-2024-00120,auto,2024-06-27,2025-06-27,12736.3,7962.61,958518.15,renewed
121,396,POL-2020-00121,auto,2020-10-05,2021-10-05,14685.25,8196.33,579394.07,expired
122,217,POL-2020-00122,liability,2020-05-31,2021-05-31,13316.16,34096.68,4401898.06,expired
123,315,POL-2020-00123,health,2020-02-21,2021-02-20,16903.09,7912.19,2265246.46,expired
124,113,POL-2020-00124,health,2020-04-20,2021-04-20,21391.58,7545.68,2411810.55,renewed
125,374,POL-2022-00125,home,2022-03-09,2023-03-09,11914.71,14637.89,4633990.77,cancelled
126,66,POL-2024-00126,auto,2024-06-27,2025-06-27,21308.25,7302.24,596427.84,renewed
127,485,POL-2020-00127,health,2020-02-05,2021-02-04,18096.98,5586.68,1604752.68,expired
128,434,POL-2024-00128,auto,2024-04-26,2025-04-26,14964.92,4273.6,785301.61,renewed
129,183,POL-2020-00129,home,2020-05-16,2021-05-16,17236.45,15853.39,4410913.42,cancelled
130,448,POL-2020-00130,life,2020-01-03,2021-01-02,24355.49,0.0,1455629.02,renewed
131,448,POL-2023-00131,health,2023-08-11,2024-08-10,19488.26,3231.56,1634035.45,renewed
132,14,POL-2024-00132,liability,2024-05-22,2025-05-22,13203.15,48583.25,5189499.97,cancelled
133,365,POL-2020-00133,auto,2020-11-16,2021-11-16,12380.68,4189.58,962563.02,renewed
134,174,POL-2025-00134,auto,2025-05-08,2026-05-08,19492.32,5320.32,717141.63,active
135,31,POL-2024-00135,auto,2024-10-05,2025-10-05,12338.17,7978.14,725158.97,renewed
136,208,POL-2022-00136,home,2022-02-25,2023-02-25,9059.16,9092.54,1229809.71,renewed
137,252,POL-2020-00137,auto,2020-02-28,2021-02-27,11237.13,4351.05,633390.86,renewed
138,149,POL-2022-00138,auto,2022-09-25,2023-09-25,23318.79,3688.22,234366.1,renewed
139,82,POL-2023-00139,health,2023-12-11,2024-12-10,11704.53,6661.44,1441346.83,renewed
140,11,POL-2020-00140,auto,2020-06-19,2021-06-19,22059.14,7476.46,788064.36,expired
141,35,POL-2023-00141,health,2023-12-30,2024-12-29,10024.74,5591.17,1384646.6,expired
142,346,POL-2020-00142,auto,2020-06-25,2021-06-25,8967.52,9412.18,449682.2,expired
143,66,POL-2025-00143,life,2025-03-02,2026-03-02,40022.35,0.0,3762588.29,active
144,321,POL-2020-00144,auto,2020-07-16,2021-07-16,24772.05,7703.89,768609.23,renewed
145,195,POL-2022-00145,life,2022-01-28,2023-01-28,45345.2,0.0,1017454.49,expired
146,374,POL-2024-00146,liability,2024-10-05,2025-10-05,5085.32,12307.71,1724904.52,renewed
147,119,POL-2023-00147,health,2023-04-04,2024-04-03,18649.56,3170.18,567139.44,expired
148,23,POL-2022-00148,liability,2022-03-20,2023-03-20,9660.12,13763.97,2388733.47,renewed
149,360,POL-2023-00149,life,2023-08-25,2024-08-24,47083.81,0.0,4712954.59,cancelled
150,19,POL-2020-00150,home,2020-03-26,2021-03-26,6430.3,10275.54,3655718.63,expired
151,420,POL-2021-00151,health,2021-01-23,2022-01-23,32437.05,4128.81,532483.37,expired
152,309,POL-2020-00152,auto,2020-11-01,2021-11-01,20918.75,7868.86,311204.06,renewed
153,127,POL-2022-00153,health,2022-04-11,2023-04-11,29442.82,4901.07,1598375.15,expired
154,137,POL-2021-00154,auto,2021-05-14,2022-05-14,10253.29,9678.76,427891.75,expired
155,115,POL-2020-00155,home,2020-02-06,2021-02-05,13444.49,18787.4,1849662.08,renewed
156,2,POL-2021-00156,auto,2021-04-19,2022-04-19,22950.2,6308.01,977087.22,renewed
157,290,POL-2020-00157,liability,2020-05-06,2021-05-06,3447.72,42160.05,1912915.46,renewed
158,374,POL-2021-00158,auto,2021-03-13,2022-03-13,19833.98,3502.44,581666.29,expired
159,294,POL-2020-00159,auto,2020-01-16,2021-01-15,20977.99,9660.8,312143.79,expired
160,228,POL-2021-00160,life,2021-03-05,2022-03-05,39644.16,0.0,2933874.61,renewed
161,481,POL-2020-00161,liability,2020-08-22,2021-08-22,10975.68,11344.4,3480715.46,expired
162,475,POL-2020-00162,auto,2020-11-02,2021-11-02,15157.93,3631.2,546699.13,renewed
163,221,POL-2022-00163,home,2022-08-22,2023-08-22,12373.49,12304.73,4848335.99,renewed
164,453,POL-2021-00164,health,2021-11-11,2022-11-11,38275.28,3915.04,1139847.7,expired
165,451,POL-2022-00165,life,2022-06-24,2023-06-24,17165.99,0.0,3398475.6,expired
166,3,POL-2024-00166,auto,2024-10-21,2025-10-21,18482.86,5043.26,251178.03,renewed
167,79,POL-2020-00167,health,2020-12-08,2021-12-08,19336.69,2074.79,1585089.04,expired
168,462,POL-2023-00168,health,2023-07-20,2024-07-19,22195.07,7092.63,1766183.28,renewed
169,246,POL-2024-00169,auto,2024-08-09,2025-08-09,8445.43,4698.72,493350.05,expired
170,303,POL-2021-00170,home,2021-07-25,2022-07-25,12811.56,10102.08,4197978.77,expired
171,382,POL-2020-00171,auto,2020-11-19,2021-11-19,19422.09,8568.68,671699.88,renewed
172,408,POL-2021-00172,health,2021-11-21,2022-11-21,11161.68,3973.66,1738728.35,expired
173,343,POL-2021-00173,home,2021-01-12,2022-01-12,15169.14,15004.43,1931288.66,renewed
174,495,POL-2021-00174,auto,2021-11-12,2022-11-12,13615.4,7858.32,717928.66,renewed
175,51,POL-2021-00175,auto,2021-08-06,2022-08-06,8617.2,8986.15,330542.53,renewed
176,226,POL-2021-00176,liability,2021-08-12,2022-08-12,8459.1,48170.73,3580695.11,cancelled
177,479,POL-2024-00177,health,2024-01-04,2025-01-03,16080.33,6111.48,1872445.17,renewed
178,177,POL-2021-00178,life,2021-02-22,2022-02-22,39452.17,0.0,1113375.08,expired
179,130,POL-2024-00179,health,2024-04-08,2025-04-08,13305.1,6151.74,2119908.44,expired
180,263,POL-2023-00180,auto,2023-06-10,2024-06-09,22925.84,8687.55,612719.12,cancelled
181,370,POL-2021-00181,auto,2021-07-11,2022-07-11,19200.38,3937.84,608938.37,expired
182,353,POL-2020-00182,auto,2020-08-13,2021-08-13,21375.37,3401.12,880226.95,renewed
183,299,POL-2020-00183,health,2020-03-25,2021-03-25,22078.39,2925.15,1821656.05,renewed
184,421,POL-2024-00184,auto,2024-09-10,2025-09-10,17562.98,6903.19,987685.9,renewed
185,235,POL-2020-00185,auto,2020-12-04,2021-12-04,13589.36,5256.37,205668.28,renewed
186,478,POL-2020-00186,health,2020-10-05,2021-10-05,20930.85,7273.81,1341677.02,expired
187,192,POL-2023-00187,health,2023-03-10,2024-03-09,34649.22,6151.28,1898105.57,renewed
188,125,POL-2020-00188,auto,2020-02-28,2021-02-27,23938.61,9316.12,216354.39,renewed
189,116,POL-2021-00189,health,2021-12-28,2022-12-28,10201.47,3729.2,2378309.44,renewed
190,9,POL-2022-00190,health,2022-05-23,2023-05-23,39002.92,4635.27,1617813.88,renewed
191,204,POL-2021-00191,liability,2021-04-20,2022-04-20,8188.03,43068.6,9181459.18,renewed
192,452,POL-2021-00192,life,2021-04-14,2022-04-14,44341.33,0.0,3799924.09,renewed
193,185,POL-2022-00193,health,2022-06-11,2023-06-11,16259.36,4990.25,1970671.39,renewed
194,450,POL-2023-00194,auto,2023-07-13,2024-07-12,21878.07,8019.4,806639.63,expired
195,483,POL-2023-00195,home,2023-08-11,2024-08-10,13557.64,5009.63,3401929.02,renewed
196,83,POL-2021-00196,health,2021-09-29,2022-09-29,30441.18,3668.44,2897683.35,renewed
197,329,POL-2025-00197,health,2025-03-31,2026-03-31,37567.29,6532.23,2023573.42,cancelled
198,198,POL-2021-00198,auto,2021-10-23,2022-10-23,22760.07,3767.59,504752.28,renewed
199,88,POL-2021-00199,liability,2021-10-07,2022-10-07,4842.34,43504.69,5359458.33,expired
200,213,POL-2020-00200,auto,2020-01-10,2021-01-09,19987.14,8567.26,382637.37,expired
201,315,POL-2020-00201,health,2020-06-22,2021-06-22,36663.86,5264.59,2714721.74,renewed
202,243,POL-2020-00202,auto,2020-08-27,2021-08-27,24960.02,3801.12,881572.03,renewed
203,240,POL-2021-00203,health,2021-06-21,2022-06-21,25576.78,3754.81,2497768.62,renewed
204,385,POL-2024-00204,home,2024-07-06,2025-07-06,15666.04,12558.99,4570278.58,renewed
205,444,POL-2025-00205,auto,2025-04-23,2026-04-23,22632.47,6380.35,869761.24,active
206,58,POL-2023-00206,auto,2023-12-31,2024-12-30,15577.46,5256.24,509613.69,renewed
207,132,POL-2020-00207,health,2020-02-21,2021-02-20,12211.36,6594.43,2480058.11,renewed
208,88,POL-2022-00208,home,2022-05-26,2023-05-26,10856.7,12263.2,4007108.95,renewed
209,85,POL-2023-00209,auto,2023-12-01,2024-11-30,21701.84,3607.6,235517.84,renewed
210,92,POL-2023-00210,life,2023-09-29,2024-09-28,30341.07,0.0,1520099.98,cancelled
211,44,POL-2020-00211,liability,2020-11-19,2021-11-19,3048.04,15727.87,3218282.68,cancelled
212,79,POL-2020-00212,auto,2020-05-10,2021-05-10,18455.41,9231.81,682045.41,renewed
213,72,POL-2021-00213,health,2021-08-28,2022-08-28,19617.52,7785.7,2054528.46,expired
214,491,POL-2021-00214,auto,2021-02-23,2022-02-23,17531.1,9196.14,737951.66,renewed
215,406,POL-2020-00215,health,2020-11-01,2021-11-01,38954.26,5593.15,1539208.52,expired
216,432,POL-2020-00216,health,2020-07-26,2021-07-26,34136.38,5206.27,1191430.03,expired
217,170,POL-2023-00217,auto,2023-10-28,2024-10-27,8880.69,8291.14,480034.58,expired
218,35,POL-2020-00218,home,2020-06-06,2021-06-06,8152.89,9638.75,1414173.09,expired
219,319,POL-2020-00219,auto,2020-11-10,2021-11-10,15089.9,9156.27,245832.6,expired
220,192,POL-2024-00220,auto,2024-06-23,2025-06-23,12088.05,5938.67,368976.8,renewed
221,150,POL-2021-00221,auto,2021-11-21,2022-11-21,14118.86,7275.77,437003.79,renewed
222,264,POL-2023-00222,auto,2023-10-14,2024-10-13,17715.77,4947.14,242667.71,renewed
223,133,POL-2020-00223,health,2020-11-17,2021-11-17,24611.36,3106.83,736388.38,renewed
224,405,POL-2025-00224,auto,2025-04-20,2026-04-20,8661.48,7201.91,273806.11,active
225,434,POL-2023-00225,liability,2023-08-13,2024-08-12,6592.94,11895.37,1223000.88,renewed
226,140,POL-2024-00226,home,2024-02-02,2025-02-01,15264.59,5912.45,1188951.69,renewed
227,421,POL-2022-00227,auto,2022-03-31,2023-03-31,20481.32,9073.19,806697.82,renewed
228,195,POL-2023-00228,life,2023-11-21,2024-11-20,40559.3,0.0,4738732.91,renewed
229,415,POL-2022-00229,home,2022-11-08,2023-11-08,17765.55,11470.39,4188770.47,renewed
230,493,POL-2025-00230,health,2025-04-21,2026-04-21,32707.58,7617.67,2767256.05,active
231,251,POL-2021-00231,liability,2021-04-01,2022-04-01,14699.55,20200.7,7522625.97,expired
232,225,POL-2021-00232,health,2021-08-24,2022-08-24,35694.88,5064.54,725342.46,expired
233,148,POL-2020-00233,health,2020-03-18,2021-03-18,19287.15,3201.62,712146.11,renewed
234,232,POL-2021-00234,liability,2021-02-27,2022-02-27,7125.79,20466.2,3503320.71,renewed
235,193,POL-2020-00235,life,2020-10-01,2021-10-01,26442.18,0.0,1994761.52,cancelled
236,490,POL-2023-00236,auto,2023-11-01,2024-10-31,19254.84,7414.53,951897.67,renewed
237,49,POL-2022-00237,life,2022-07-07,2023-07-07,42734.88,0.0,3817833.15,renewed
238,66,POL-2023-00238,auto,2023-02-08,2024-02-08,22213.97,9530.86,380951.11,expired
239,101,POL-2024-00239,liability,2024-12-18,2025-12-18,4534.59,23960.17,7283301.77,cancelled
240,173,POL-2020-00240,auto,2020-01-04,2021-01-03,17559.6,7571.63,719129.46,expired
241,53,POL-2021-00241,health,2021-01-09,2022-01-09,10467.42,3239.78,1280969.53,expired
242,35,POL-2020-00242,auto,2020-01-19,2021-01-18,18702.95,9549.79,838534.63,renewed
243,81,POL-2020-00243,liability,2020-02-27,2021-02-26,3739.14,27235.4,4512327.66,renewed
244,181,POL-2020-00244,home,2020-02-23,2021-02-22,16527.75,14416.28,2922551.6,renewed
245,52,POL-2022-00245,auto,2022-09-08,2023-09-08,12602.6,5294.89,948485.43,renewed
246,270,POL-2021-00246,health,2021-06-04,2022-06-04,24105.47,3741.86,1599633.25,renewed
247,120,POL-2020-00247,health,2020-08-15,2021-08-15,18489.39,6095.36,2106813.29,renewed
248,123,POL-2022-00248,health,2022-01-16,2023-01-16,31969.57,6232.7,1090668.94,renewed
249,310,POL-2021-00249,auto,2021-12-17,2022-12-17,14234.63,5736.72,683091.65,expired
250,98,POL-2023-00250,auto,2023-02-22,2024-02-22,9384.52,6289.76,222575.63,renewed
251,10,POL-2020-00251,health,2020-06-09,2021-06-09,19723.73,5382.84,1143468.94,cancelled
252,471,POL-2021-00252,health,2021-02-21,2022-02-21,13345.64,2719.27,2997600.04,expired
253,279,POL-2020-00253,home,2020-05-15,2021-05-15,5299.7,11278.79,3728649.14,cancelled
254,410,POL-2022-00254,life,2022-11-17,2023-11-17,16376.18,0.0,4397566.21,cancelled
255,12,POL-2020-00255,life,2020-06-18,2021-06-18,38216.03,0.0,3092671.84,expired
256,194,POL-2022-00256,life,2022-09-29,2023-09-29,19672.35,0.0,1573400.28,renewed
257,365,POL-2022-00257,health,2022-04-24,2023-04-24,21231.04,6010.97,2532263.37,renewed
258,170,POL-2021-00258,health,2021-09-10,2022-09-10,24235.9,7192.59,1465934.84,renewed
259,318,POL-2020-00259,home,2020-10-27,2021-10-27,13172.75,14906.92,2437260.4,renewed
260,304,POL-2023-00260,auto,2023-03-05,2024-03-04,11525.01,6920.4,629292.07,cancelled
261,50,POL-2020-00261,health,2020-05-06,2021-05-06,25942.85,5516.66,1775415.73,cancelled
262,60,POL-2021-00262,auto,2021-01-26,2022-01-26,19034.73,6483.88,274574.57,renewed
263,139,POL-2020-00263,auto,2020-04-06,2021-04-06,18341.11,4244.7,905375.54,expired
264,23,POL-2020-00264,auto,2020-11-13,2021-11-13,15232.18,9713.18,955495.38,expired
265,108,POL-2020-00265,health,2020-11-16,2021-11-16,39672.34,7681.5,765006.23,renewed
266,429,POL-2020-00266,home,2020-07-12,2021-07-12,9107.73,10172.99,906614.95,renewed
267,382,POL-2020-00267,home,2020-02-17,2021-02-16,7150.13,19307.75,1152421.4,renewed
268,236,POL-2020-00268,liability,2020-07-30,2021-07-30,3657.29,15575.9,5441357.42,expired
269,359,POL-2020-00269,health,2020-01-28,2021-01-27,27437.41,3405.35,1430196.03,renewed
270,67,POL-2020-00270,auto,2020-02-19,2021-02-18,24936.51,9857.35,538469.11,cancelled
271,73,POL-2020-00271,auto,2020-06-19,2021-06-19,8240.15,3666.64,562553.55,expired
272,367,POL-2020-00272,auto,2020-08-24,2021-08-24,22481.75,4686.84,630714.79,renewed
273,466,POL-2021-00273,auto,2021-09-19,2022-09-19,10746.84,7285.56,411028.83,expired
274,469,POL-2024-00274,auto,2024-07-20,2025-07-20,17320.49,4754.26,562217.4,renewed
275,41,POL-2022-00275,auto,2022-01-16,2023-01-16,11287.55,5204.15,921895.94,expired
276,394,POL-2024-00276,health,2024-06-08,2025-06-08,24400.93,7431.12,1777192.87,renewed
277,436,POL-2022-00277,home,2022-08-26,2023-08-26,6860.3,10890.88,1909964.35,renewed
278,190,POL-2021-00278,health,2021-01-16,2022-01-16,32605.02,2811.69,2811625.55,renewed
279,405,POL-2020-00279,home,2020-10-27,2021-10-27,8976.16,10500.86,3728837.9,expired
280,30,POL-2022-00280,life,2022-03-07,2023-03-07,43986.81,0.0,2172150.7,renewed
281,189,POL-2021-00281,life,2021-07-19,2022-07-19,48838.7,0.0,1646202.91,renewed
282,213,POL-2020-00282,health,2020-02-19,2021-02-18,30856.44,7460.54,952524.63,expired
283,209,POL-2022-00283,home,2022-10-16,2023-10-16,7622.28,5436.07,2329691.65,renewed
284,88,POL-2021-00284,health,2021-01-22,2022-01-22,21084.13,3645.21,2323178.11,renewed
285,113,POL-2021-00285,auto,2021-02-27,2022-02-27,17167.69,7319.16,258596.79,cancelled
286,401,POL-2020-00286,auto,2020-09-29,2021-09-29,11169.74,4534.9,458565.83,renewed
287,134,POL-2022-00287,health,2022-10-07,2023-10-07,37155.78,3770.24,2146897.47,renewed
288,308,POL-2020-00288,liability,2020-04-24,2021-04-24,11544.01,39114.95,9237938.75,expired
289,439,POL-2020-00289,liability,2020-11-28,2021-11-28,12249.72,30012.62,7910716.38,renewed
290,104,POL-2021-00290,auto,2021-05-10,2022-05-10,16220.35,9657.31,838569.47,renewed
291,255,POL-2021-00291,health,2021-11-12,2022-11-12,14576.97,5112.62,1698183.46,cancelled
292,104,POL-2024-00292,health,2024-08-21,2025-08-21,22822.88,5061.96,1773250.78,renewed
293,68,POL-2021-00293,auto,2021-09-24,2022-09-24,20057.66,8569.96,512387.99,renewed
294,419,POL-2020-00294,liability,2020-01-20,2021-01-19,6062.51,11249.64,7213672.98,renewed
295,325,POL-2021-00295,home,2021-05-20,2022-05-20,13067.46,11570.4,2632930.13,expired
296,339,POL-2020-00296,health,2020-05-30,2021-05-30,23527.74,3244.24,1809455.92,expired
297,138,POL-2023-00297,auto,2023-11-28,2024-11-27,18858.84,4742.16,215524.92,renewed
298,455,POL-2021-00298,home,2021-08-22,2022-08-22,15602.59,19935.05,1827770.41,cancelled
299,185,POL-2021-00299,health,2021-06-17,2022-06-17,39575.6,5923.92,2747042.23,renewed
300,107,POL-2020-00300,health,2020-11-18,2021-11-18,37563.94,6841.01,760336.72,renewed
301,173,POL-2020-00301,auto,2020-09-12,2021-09-12,9373.12,8065.75,641886.87,renewed
302,172,POL-2020-00302,health,2020-12-29,2021-12-29,36538.3,3050.03,755905.63,expired
303,235,POL-2023-00303,auto,2023-07-09,2024-07-08,18445.27,8223.27,800864.93,expired
304,398,POL-2020-00304,auto,2020-07-15,2021-07-15,19887.6,5496.85,559483.15,expired
305,188,POL-2021-00305,auto,2021-06-13,2022-06-13,19542.76,3498.18,980715.67,expired
306,477,POL-2020-00306,health,2020-04-22,2021-04-22,14584.4,3310.47,2681875.65,renewed
307,288,POL-2020-00307,health,2020-01-06,2021-01-05,17673.42,7857.21,581893.08,renewed
308,121,POL-2023-00308,health,2023-09-16,2024-09-15,21529.2,7208.93,1842499.85,expired
309,457,POL-2023-00309,health,2023-01-25,2024-01-25,24288.54,5052.76,2295014.64,renewed
310,32,POL-2023-00310,auto,2023-04-24,2024-04-23,21603.4,5381.81,319866.27,expired
311,455,POL-2021-00311,auto,2021-01-08,2022-01-08,9201.06,3213.37,572134.51,renewed
312,91,POL-2020-00312,life,2020-07-31,2021-07-31,24909.73,0.0,3743469.21,renewed
313,475,POL-2021-00313,liability,2021-12-17,2022-12-17,12516.95,40277.45,9984303.56,renewed
314,470,POL-2023-00314,home,2023-09-14,2024-09-13,5631.0,11071.23,4355315.08,expired
315,194,POL-2022-00315,auto,2022-11-11,2023-11-11,14041.2,7308.62,303805.75,expired
316,77,POL-2020-00316,health,2020-11-26,2021-11-26,39828.36,5628.49,710862.24,expired
317,273,POL-2020-00317,auto,2020-11-28,2021-11-28,21762.85,5820.74,555868.61,renewed
318,33,POL-2021-00318,health,2021-04-20,2022-04-20,31415.82,7983.86,1375744.61,renewed
319,239,POL-2020-00319,auto,2020-09-08,2021-09-08,13852.38,9579.88,701956.87,renewed
320,137,POL-2023-00320,liability,2023-03-26,2024-03-25,3036.73,34787.09,9412814.36,renewed
321,70,POL-2023-00321,health,2023-04-05,2024-04-04,34727.17,5304.99,2046350.59,renewed
322,481,POL-2020-00322,auto,2020-11-21,2021-11-21,20604.6,8880.4,936289.89,expired
323,408,POL-2024-00323,auto,2024-07-20,2025-07-20,16058.96,8881.76,256248.91,expired
324,366,POL-2020-00324,auto,2020-10-18,2021-10-18,10166.25,3872.27,654837.48,renewed
325,281,POL-2022-00325,auto,2022-07-06,2023-07-06,21022.57,9140.23,615668.85,cancelled
326,404,POL-2020-00326,health,2020-12-31,2021-12-31,11558.58,7354.89,2228885.37,renewed
327,175,POL-2020-00327,life,2020-01-26,2021-01-25,40959.16,0.0,3167395.28,renewed
328,261,POL-2025-00328,health,2025-06-30,2026-06-30,24260.0,5532.62,866557.86,active
329,231,POL-2020-00329,home,2020-09-29,2021-09-29,12680.63,7484.5,3157418.34,expired
330,368,POL-2022-00330,auto,2022-09-24,2023-09-24,8445.56,6653.98,456083.81,renewed
331,2,POL-2021-00331,auto,2021-03-13,2022-03-13,23559.71,5122.74,323394.9,renewed
332,333,POL-2021-00332,health,2021-07-16,2022-07-16,25567.91,5920.37,1398347.58,renewed
333,499,POL-2020-00333,home,2020-03-14,2021-03-14,7355.17,16674.54,4091035.35,renewed
334,124,POL-2020-00334,health,2020-08-06,2021-08-06,27866.33,7515.33,1439014.93,renewed
335,179,POL-2020-00335,health,2020-04-09,2021-04-09,11568.46,6454.94,876631.89,renewed
336,231,POL-2023-00336,auto,2023-12-15,2024-12-14,8038.0,6574.62,443964.41,expired
337,291,POL-2022-00337,auto,2022-07-15,2023-07-15,18067.52,5654.86,349396.97,expired
338,482,POL-2020-00338,auto,2020-04-14,2021-04-14,23333.23,8819.53,497603.01,renewed
339,412,POL-2021-00339,liability,2021-01-11,2022-01-11,5835.48,21855.5,3716068.9,renewed
340,253,POL-2020-00340,auto,2020-02-26,2021-02-25,9863.8,6206.41,505079.12,cancelled
341,205,POL-2021-00341,home,2021-11-17,2022-11-17,17633.63,19604.96,3440321.65,expired
342,350,POL-2021-00342,health,2021-03-27,2022-03-27,27521.9,2269.65,2561256.42,expired
343,220,POL-2021-00343,home,2021-05-03,2022-05-03,19540.31,7623.75,1180885.2,renewed
344,118,POL-2022-00344,auto,2022-12-31,2023-12-31,23395.5,4950.32,718319.94,expired
345,103,POL-2021-00345,auto,2021-12-29,2022-12-29,17117.44,4664.85,862797.56,renewed
346,269,POL-2021-00346,life,2021-11-19,2022-11-19,23452.12,0.0,2120803.62,renewed
347,433,POL-2020-00347,health,2020-08-20,2021-08-20,26008.6,5149.53,2626077.96,expired
348,327,POL-2020-00348,life,2020-01-03,2021-01-02,31762.14,0.0,4424780.25,renewed
349,206,POL-2020-00349,health,2020-04-09,2021-04-09,28542.22,4762.37,826613.14,renewed
350,170,POL-2021-00350,home,2021-11-10,2022-11-10,9821.01,13834.81,2820785.81,renewed
351,42,POL-2020-00351,health,2020-03-09,2021-03-09,19009.59,4587.29,1246355.62,expired
352,332,POL-2020-00352,health,2020-09-25,2021-09-25,33201.38,7103.37,2333362.12,renewed
353,495,POL-2022-00353,liability,2022-01-31,2023-01-31,5812.4,32030.36,7935483.99,renewed
354,212,POL-2022-00354,auto,2022-11-09,2023-11-09,9530.94,7663.52,892549.63,renewed
355,442,POL-2021-00355,auto,2021-06-25,2022-06-25,8503.74,9927.61,594777.21,expired
356,412,POL-2020-00356,home,2020-09-15,2021-09-15,15885.63,9256.37,817202.77,expired
357,423,POL-2020-00357,health,2020-12-24,2021-12-24,17511.3,6476.63,2424375.42,renewed
358,271,POL-2020-00358,health,2020-05-14,2021-05-14,17278.76,3645.43,2533816.37,cancelled
359,116,POL-2022-00359,auto,2022-09-14,2023-09-14,8631.73,6876.33,660701.81,renewed
360,402,POL-2024-00360,auto,2024-10-29,2025-10-29,22427.37,4334.5,857099.31,renewed
361,83,POL-2021-00361,auto,2021-03-01,2022-03-01,19524.36,8534.21,879886.84,expired
362,289,POL-2022-00362,life,2022-07-17,2023-07-17,46945.79,0.0,4534205.63,renewed
363,363,POL-2021-00363,auto,2021-10-08,2022-10-08,11446.27,4479.38,982434.19,renewed
364,92,POL-2020-00364,home,2020-12-01,2021-12-01,14346.28,18845.22,4939655.34,renewed
365,291,POL-2022-00365,health,2022-05-01,2023-05-01,35714.76,3306.79,765951.62,renewed
366,292,POL-2023-00366,life,2023-06-07,2024-06-06,31345.64,0.0,2147096.84,renewed
367,236,POL-2021-00367,auto,2021-04-21,2022-04-21,16707.17,4507.5,950888.54,renewed
368,182,POL-2024-00368,health,2024-07-04,2025-07-04,35483.85,3985.52,987857.92,renewed
369,356,POL-2020-00369,auto,2020-02-09,2021-02-08,13541.38,4898.92,718809.84,renewed
370,30,POL-2020-00370,auto,2020-01-25,2021-01-24,11755.77,4404.67,200740.89,expired
371,39,POL-2020-00371,home,2020-09-09,2021-09-09,19922.05,18775.94,1467841.14,expired
372,84,POL-2021-00372,auto,2021-03-15,2022-03-15,10146.1,3871.14,533385.8,renewed
373,245,POL-2024-00373,health,2024-11-05,2025-11-05,27228.92,2934.05,2215323.28,expired
374,44,POL-2021-00374,life,2021-03-01,2022-03-01,29298.08,0.0,2361377.86,renewed
375,311,POL-2020-00375,health,2020-01-31,2021-01-30,19194.41,2209.49,1203114.92,expired
376,108,POL-2020-00376,health,2020-01-15,2021-01-14,12326.55,7247.81,2860287.79,expired
377,161,POL-2023-00377,auto,2023-02-10,2024-02-10,24947.46,5435.09,428407.19,renewed
378,376,POL-2023-00378,home,2023-10-10,2024-10-09,8668.44,15905.24,4345370.91,renewed
379,272,POL-2022-00379,home,2022-09-23,2023-09-23,12177.4,12873.66,3990766.16,renewed
380,111,POL-2021-00380,life,2021-10-06,2022-10-06,19686.12,0.0,1345789.65,renewed
381,182,POL-2020-00381,home,2020-05-05,2021-05-05,16903.67,8688.91,3253525.8,renewed
382,4,POL-2021-00382,life,2021-01-24,2022-01-24,35662.92,0.0,1594479.35,renewed
383,238,POL-2021-00383,home,2021-03-12,2022-03-12,14186.68,6052.4,2014731.65,expired
384,202,POL-2020-00384,health,2020-01-22,2021-01-21,19493.8,7496.79,1358154.3,renewed
385,131,POL-2024-00385,auto,2024-08-09,2025-08-09,19590.6,3346.74,304963.97,renewed
386,95,POL-2020-00386,health,2020-01-07,2021-01-06,18577.75,2429.52,591079.87,renewed
387,93,POL-2022-00387,home,2022-03-24,2023-03-24,6662.07,7950.09,2884102.75,renewed
388,441,POL-2021-00388,home,2021-10-25,2022-10-25,11226.81,19841.6,793470.51,renewed
389,62,POL-2021-00389,life,2021-12-04,2022-12-04,47268.75,0.0,2753628.36,renewed
390,416,POL-2022-00390,auto,2022-02-01,2023-02-01,20060.02,7508.61,517867.11,expired
391,202,POL-2021-00391,auto,2021-07-27,2022-07-27,9274.97,6014.27,265535.91,expired
392,496,POL-2022-00392,auto,2022-07-21,2023-07-21,23577.13,7097.17,973557.71,cancelled
393,28,POL-2020-00393,health,2020-04-22,2021-04-22,14104.95,6107.31,1727704.57,renewed
394,320,POL-2020-00394,auto,2020-12-06,2021-12-06,11084.73,4312.72,583370.61,renewed
395,96,POL-2023-00395,health,2023-12-15,2024-12-14,16261.81,2276.39,1656575.8,renewed
396,226,POL-2022-00396,health,2022-01-30,2023-01-30,23087.4,5474.1,1793763.11,renewed
397,202,POL-2021-00397,health,2021-05-30,2022-05-30,22840.85,2095.5,1090933.84,cancelled
398,427,POL-2021-00398,liability,2021-11-26,2022-11-26,6295.78,36596.15,7336290.46,renewed
399,137,POL-2021-00399,home,2021-07-21,2022-07-21,11209.81,16802.24,4590378.52,expired
400,286,POL-2020-00400,health,2020-01-15,2021-01-14,19966.38,6959.29,684239.58,renewed
401,390,POL-2020-00401,auto,2020-09-06,2021-09-06,22941.79,5974.87,419945.35,expired
402,367,POL-2021-00402,home,2021-01-03,2022-01-03,14838.73,7049.07,3989410.04,expired
403,341,POL-2022-00403,auto,2022-04-21,2023-04-21,10130.54,3607.22,959658.22,renewed
404,38,POL-2022-00404,home,2022-08-12,2023-08-12,12580.96,18293.27,1721477.38,expired
405,306,POL-2022-00405,health,2022-01-09,2023-01-09,18801.26,3427.18,1606318.97,expired
406,296,POL-2021-00406,health,2021-07-13,2022-07-13,27534.13,5115.88,1886048.99,renewed
407,480,POL-2022-00407,auto,2022-03-31,2023-03-31,14178.95,4048.14,677469.87,renewed
408,241,POL-2020-00408,health,2020-09-13,2021-09-13,13271.63,6170.23,1484586.89,renewed
409,29,POL-2020-00409,life,2020-11-10,2021-11-10,30473.72,0.0,3767973.47,expired
410,88,POL-2020-00410,home,2020-12-27,2021-12-27,16885.93,12482.43,1798216.71,renewed
411,145,POL-2024-00411,auto,2024-07-04,2025-07-04,17726.78,9156.04,297352.23,renewed
412,314,POL-2020-00412,health,2020-10-19,2021-10-19,21621.79,7647.04,1309948.87,renewed
413,407,POL-2022-00413,health,2022-02-14,2023-02-14,37612.01,4447.55,1474177.96,renewed
414,336,POL-2020-00414,auto,2020-07-28,2021-07-28,13803.01,4512.78,587968.2,renewed
415,100,POL-2020-00415,health,2020-11-17,2021-11-17,28893.63,6725.38,1127274.07,renewed
416,463,POL-2020-00416,health,2020-10-12,2021-10-12,28950.05,3127.16,2645856.68,renewed
417,239,POL-2021-00417,auto,2021-05-13,2022-05-13,17035.58,8604.7,676144.78,cancelled
418,419,POL-2022-00418,health,2022-08-28,2023-08-28,32254.63,3427.46,2951600.69,expired
419,257,POL-2020-00419,auto,2020-09-09,2021-09-09,12130.76,5526.32,771712.13,renewed
420,21,POL-2020-00420,auto,2020-01-24,2021-01-23,12006.19,3064.67,496359.67,expired
421,75,POL-2020-00421,auto,2020-06-27,2021-06-27,18653.14,3495.6,453633.25,renewed
422,442,POL-2021-00422,health,2021-05-30,2022-05-30,16248.4,6871.29,2785011.76,renewed
423,399,POL-2020-00423,life,2020-05-30,2021-05-30,20621.8,0.0,2331221.49,renewed
424,158,POL-2020-00424,health,2020-03-15,2021-03-15,10206.34,7129.67,2259424.52,expired
425,349,POL-2021-00425,home,2021-12-02,2022-12-02,7525.84,12067.24,2089345.23,expired
426,230,POL-2020-00426,health,2020-07-09,2021-07-09,14999.08,2263.15,1598968.44,renewed
427,281,POL-2022-00427,health,2022-08-30,2023-08-30,22085.18,3409.67,1829447.11,renewed
428,415,POL-2022-00428,auto,2022-10-03,2023-10-03,16611.26,6406.97,680679.5,expired
429,351,POL-2024-00429,home,2024-03-13,2025-03-13,18186.7,14442.75,3357535.62,renewed
430,12,POL-2021-00430,health,2021-06-06,2022-06-06,10765.96,2044.74,2629104.57,renewed
431,187,POL-2021-00431,auto,2021-04-28,2022-04-28,11368.91,9270.12,352076.62,renewed
432,168,POL-2023-00432,health,2023-02-17,2024-02-17,19486.98,4387.7,1114461.69,expired
433,64,POL-2020-00433,life,2020-03-29,2021-03-29,20569.12,0.0,1902093.83,renewed
434,322,POL-2021-00434,home,2021-10-09,2022-10-09,9120.28,13239.05,2973352.15,renewed
435,85,POL-2020-00435,health,2020-02-14,2021-02-13,14835.77,3812.31,862285.39,expired
436,380,POL-2021-00436,life,2021-12-25,2022-12-25,24668.61,0.0,2177291.9,renewed
437,100,POL-2021-00437,auto,2021-08-16,2022-08-16,24733.34,4563.26,590380.93,renewed
438,492,POL-2020-00438,auto,2020-11-30,2021-11-30,17882.97,5916.91,241263.64,expired
439,8,POL-2021-00439,life,2021-09-19,2022-09-19,29570.97,0.0,2161881.34,renewed
440,459,POL-2023-00440,home,2023-11-01,2024-10-31,19922.35,13334.22,3602212.04,renewed
441,106,POL-2023-00441,health,2023-05-06,2024-05-05,26897.68,3767.34,557000.62,renewed
442,458,POL-2023-00442,health,2023-03-21,2024-03-20,18642.46,5059.93,2591703.05,expired
443,447,POL-2022-00443,auto,2022-06-14,2023-06-14,23912.81,3816.93,941113.31,renewed
444,473,POL-2023-00444,health,2023-12-13,2024-12-12,28678.89,3841.0,1579125.52,renewed
445,248,POL-2021-00445,liability,2021-01-20,2022-01-20,8273.78,18552.73,9250255.7,expired
446,445,POL-2020-00446,life,2020-12-06,2021-12-06,31721.33,0.0,3000144.86,expired
447,265,POL-2020-00447,auto,2020-03-05,2021-03-05,22327.11,7350.36,650366.28,expired
448,455,POL-2024-00448,auto,2024-04-04,2025-04-04,23230.36,6383.35,915431.42,renewed
449,164,POL-2022-00449,auto,2022-05-01,2023-05-01,16056.88,4521.32,250210.62,expired
450,112,POL-2020-00450,auto,2020-07-11,2021-07-11,13130.08,9938.4,951620.03,renewed
451,191,POL-2021-00451,auto,2021-08-04,2022-08-04,20469.34,5564.61,797025.45,renewed
452,227,POL-2020-00452,auto,2020-08-22,2021-08-22,22232.57,3328.0,339513.37,renewed
453,408,POL-2020-00453,auto,2020-09-19,2021-09-19,16571.58,6698.2,726313.43,expired
454,97,POL-2020-00454,home,2020-03-30,2021-03-30,17992.56,5339.81,2887138.05,expired
455,417,POL-2021-00455,health,2021-09-03,2022-09-03,30448.33,2734.45,2187317.75,renewed
456,446,POL-2025-00456,health,2025-05-02,2026-05-02,32599.29,5257.25,1143261.64,active
457,282,POL-2020-00457,auto,2020-06-11,2021-06-11,10892.11,3138.03,241671.02,renewed
458,76,POL-2020-00458,life,2020-09-29,2021-09-29,23578.51,0.0,4643943.36,renewed
459,109,POL-2021-00459,home,2021-01-27,2022-01-27,5567.99,9392.7,1052030.61,renewed
460,400,POL-2021-00460,auto,2021-11-15,2022-11-15,16168.73,6095.98,310107.83,expired
461,41,POL-2020-00461,auto,2020-02-06,2021-02-05,21604.22,9408.07,524755.52,expired
462,8,POL-2022-00462,home,2022-08-05,2023-08-05,6615.34,11564.18,3041727.63,expired
463,160,POL-2020-00463,auto,2020-08-17,2021-08-17,12442.07,6225.33,722450.87,renewed
464,97,POL-2020-00464,liability,2020-07-20,2021-07-20,8751.66,12485.57,3323093.5,renewed
465,284,POL-2023-00465,health,2023-02-07,2024-02-07,28062.63,4537.44,1566587.49,renewed
466,488,POL-2022-00466,auto,2022-05-01,2023-05-01,23056.27,5579.28,239791.01,expired
467,175,POL-2023-00467,auto,2023-08-02,2024-08-01,16336.77,9694.38,900193.45,cancelled
468,113,POL-2023-00468,health,2023-05-31,2024-05-30,27320.17,6318.1,944465.27,renewed
469,47,POL-2025-00469,health,2025-03-11,2026-03-11,39584.84,4270.26,999308.74,active
470,197,POL-2023-00470,auto,2023-08-10,2024-08-09,18343.66,5324.71,558686.21,renewed
471,37,POL-2022-00471,health,2022-07-22,2023-07-22,27504.81,7948.39,1103525.17,renewed
472,93,POL-2020-00472,auto,2020-09-27,2021-09-27,20341.35,5348.12,209805.44,renewed
473,301,POL-2025-00473,health,2025-04-11,2026-04-11,15518.03,3690.6,1563538.69,active
474,379,POL-2020-00474,auto,2020-04-14,2021-04-14,14733.0,3280.22,934354.0,renewed
475,500,POL-2020-00475,home,2020-08-21,2021-08-21,14512.75,17957.37,685189.4,expired
476,470,POL-2020-00476,auto,2020-12-03,2021-12-03,15442.06,5406.65,812672.55,cancelled
477,233,POL-2020-00477,health,2020-08-08,2021-08-08,20734.3,6653.62,2237658.47,expired
478,386,POL-2023-00478,health,2023-03-28,2024-03-27,11270.18,7212.47,1956074.34,renewed
479,129,POL-2020-00479,auto,2020-04-11,2021-04-11,20728.54,7663.25,363024.78,renewed
480,86,POL-2023-00480,life,2023-07-13,2024-07-12,46652.52,0.0,3382549.67,renewed
481,383,POL-2021-00481,home,2021-08-29,2022-08-29,14669.08,6158.99,1139837.06,renewed
482,472,POL-2024-00482,life,2024-06-05,2025-06-05,42442.13,0.0,2262787.62,renewed
483,258,POL-2025-00483,auto,2025-06-22,2026-06-22,18154.71,7551.49,745431.47,active
484,81,POL-2022-00484,auto,2022-03-01,2023-03-01,11724.98,7876.94,826730.79,renewed
485,7,POL-2020-00485,auto,2020-03-20,2021-03-20,9461.98,4335.33,564424.72,renewed
486,276,POL-2021-00486,life,2021-06-09,2022-06-09,31229.9,0.0,2646577.27,cancelled
487,486,POL-2020-00487,auto,2020-05-21,2021-05-21,8694.21,7772.72,360963.6,renewed
488,465,POL-2020-00488,home,2020-02-14,2021-02-13,10319.83,7451.25,1519275.12,renewed
489,474,POL-2020-00489,health,2020-07-21,2021-07-21,19935.98,3132.4,2318271.4,renewed
490,128,POL-2020-00490,home,2020-02-16,2021-02-15,10301.1,10771.92,2702434.55,expired
491,430,POL-2020-00491,health,2020-12-17,2021-12-17,29379.68,7703.89,2543473.84,cancelled
492,364,POL-2022-00492,life,2022-01-09,2023-01-09,38031.13,0.0,3926691.13,renewed
493,156,POL-2023-00493,auto,2023-05-11,2024-05-10,24047.11,4088.82,303331.36,expired
494,481,POL-2023-00494,health,2023-01-01,2024-01-01,18116.19,6959.89,1380101.33,cancelled
495,16,POL-2021-00495,liability,2021-09-27,2022-09-27,9893.55,39900.24,2570971.45,expired
496,360,POL-2021-00496,life,2021-03-06,2022-03-06,21717.29,0.0,3741260.97,renewed
497,498,POL-2020-00497,auto,2020-03-06,2021-03-06,8938.44,8668.38,836919.01,renewed
498,267,POL-2021-00498,auto,2021-09-03,2022-09-03,9069.81,9611.37,366184.59,renewed
499,357,POL-2020-00499,health,2020-02-05,2021-02-04,23528.49,5438.58,2997158.1,expired
500,169,POL-2020-00500,auto,2020-05-24,2021-05-24,23025.23,9388.08,904419.98,renewed
501,157,POL-2021-00501,auto,2021-05-08,2022-05-08,13314.39,7642.67,389714.29,renewed
502,397,POL-2023-00502,auto,2023-05-10,2024-05-09,13206.41,3164.7,403920.72,cancelled
503,217,POL-2021-00503,auto,2021-04-02,2022-04-02,18642.83,9124.29,490015.11,expired
504,207,POL-2021-00504,auto,2021-11-15,2022-11-15,9719.43,6760.31,574468.31,renewed
505,222,POL-2020-00505,auto,2020-10-14,2021-10-14,10992.74,4349.2,316466.15,cancelled
506,190,POL-2021-00506,liability,2021-04-15,2022-04-15,11082.26,21268.02,9237211.98,renewed
507,293,POL-2020-00507,auto,2020-04-01,2021-04-01,21779.53,5401.96,873145.48,cancelled
508,78,POL-2020-00508,liability,2020-05-31,2021-05-31,6574.5,34267.14,4324512.01,renewed
509,113,POL-2025-00509,auto,2025-06-01,2026-06-01,18173.35,7199.24,640513.17,active
510,65,POL-2025-00510,auto,2025-05-09,2026-05-09,15731.48,5015.03,251479.19,active
511,500,POL-2020-00511,home,2020-08-15,2021-08-15,18185.06,9541.32,1997971.81,renewed
512,402,POL-2020-00512,health,2020-04-04,2021-04-04,13035.98,3048.1,2831865.19,renewed
513,139,POL-2022-00513,auto,2022-12-06,2023-12-06,11299.73,9154.67,318426.58,expired
514,381,POL-2021-00514,auto,2021-05-07,2022-05-07,10178.76,9875.62,741390.9,renewed
515,71,POL-2023-00515,health,2023-11-11,2024-11-10,21536.92,3946.04,2292396.49,renewed
516,431,POL-2025-00516,health,2025-02-07,2026-02-07,24685.86,5682.28,1566824.5,active
517,494,POL-2021-00517,health,2021-07-27,2022-07-27,27095.2,5801.62,2788153.13,expired
518,299,POL-2021-00518,home,2021-07-03,2022-07-03,6009.56,18459.26,4596855.53,renewed
519,308,POL-2021-00519,liability,2021-06-23,2022-06-23,10175.41,27166.07,7381392.67,expired
520,147,POL-2022-00520,auto,2022-10-14,2023-10-14,18661.14,4587.89,552361.88,renewed
521,136,POL-2022-00521,health,2022-04-15,2023-04-15,23287.26,3870.63,2104114.2,expired
522,354,POL-2020-00522,health,2020-11-17,2021-11-17,33061.9,2353.85,1259146.04,renewed
523,245,POL-2020-00523,home,2020-08-10,2021-08-10,6066.94,6698.26,3509126.43,renewed
524,456,POL-2022-00524,auto,2022-06-28,2023-06-28,14654.63,8578.8,827161.26,renewed
525,394,POL-2022-00525,home,2022-01-18,2023-01-18,13706.1,6218.97,2455719.28,expired
526,476,POL-2024-00526,auto,2024-02-18,2025-02-17,14126.49,5021.19,362335.83,renewed
527,145,POL-2023-00527,life,2023-06-12,2024-06-11,41135.37,0.0,1061586.62,expired
528,381,POL-2020-00528,liability,2020-01-17,2021-01-16,6085.7,45675.53,6914527.83,renewed
529,54,POL-2022-00529,health,2022-03-18,2023-03-18,20850.54,5294.84,1789726.0,renewed
530,123,POL-2020-00530,life,2020-12-27,2021-12-27,27951.74,0.0,2492059.07,renewed
531,206,POL-2021-00531,auto,2021-07-30,2022-07-30,8258.23,3488.87,356221.74,renewed
532,317,POL-2024-00532,health,2024-04-02,2025-04-02,26032.57,7133.63,2373694.07,expired
533,287,POL-2020-00533,auto,2020-07-18,2021-07-18,22519.51,3376.01,858939.59,cancelled
534,407,POL-2020-00534,auto,2020-12-17,2021-12-17,15047.32,9327.04,871442.86,renewed
535,206,POL-2022-00535,auto,2022-10-04,2023-10-04,17358.34,9881.04,748838.0,renewed
536,487,POL-2020-00536,auto,2020-07-07,2021-07-07,9671.77,3702.31,810709.64,cancelled
537,443,POL-2020-00537,auto,2020-10-29,2021-10-29,21607.65,9170.94,720410.72,renewed
538,80,POL-2024-00538,auto,2024-04-23,2025-04-23,23068.81,7765.76,916537.67,expired
539,220,POL-2025-00539,auto,2025-02-24,2026-02-24,19356.6,9398.42,504602.38,active
540,341,POL-2022-00540,health,2022-11-12,2023-11-12,30401.83,2405.84,957850.86,renewed
541,402,POL-2025-00541,life,2025-05-23,2026-05-23,16287.98,0.0,4038690.82,cancelled
542,36,POL-2020-00542,health,2020-04-28,2021-04-28,24796.28,3438.11,632902.93,expired
543,419,POL-2024-00543,auto,2024-08-11,2025-08-11,23841.01,6289.93,530634.0,renewed
544,361,POL-2022-00544,home,2022-08-23,2023-08-23,17019.76,18137.67,1592604.19,renewed
545,122,POL-2020-00545,liability,2020-05-08,2021-05-08,11493.9,31959.25,7515345.52,expired
546,353,POL-2025-00546,auto,2025-06-06,2026-06-06,22723.0,4704.98,790052.93,active
547,387,POL-2023-00547,health,2023-12-29,2024-12-28,23890.8,6919.94,2226762.03,renewed
548,336,POL-2020-00548,auto,2020-11-24,2021-11-24,16829.39,9350.83,727672.29,renewed
549,27,POL-2021-00549,home,2021-10-09,2022-10-09,16404.13,13465.3,2789423.97,renewed
550,338,POL-2022-00550,health,2022-10-09,2023-10-09,32648.56,5082.56,686732.8,expired
551,270,POL-2022-00551,health,2022-10-31,2023-10-31,33813.97,3801.49,1004768.05,renewed
552,49,POL-2021-00552,home,2021-07-04,2022-07-04,15813.77,7609.81,2147976.88,renewed
553,411,POL-2022-00553,auto,2022-09-12,2023-09-12,16931.58,8542.81,736751.42,expired
554,241,POL-2020-00554,auto,2020-05-02,2021-05-02,9638.69,9117.94,610090.6,renewed
555,240,POL-2020-00555,home,2020-08-27,2021-08-27,9992.37,9061.04,3053329.59,renewed
556,198,POL-2024-00556,home,2024-09-14,2025-09-14,6501.58,16780.06,4976876.32,expired
557,424,POL-2020-00557,health,2020-12-10,2021-12-10,11300.27,6924.68,1953517.44,expired
558,286,POL-2021-00558,liability,2021-12-08,2022-12-08,3368.0,35840.47,7609904.47,renewed
559,172,POL-2020-00559,health,2020-04-02,2021-04-02,31466.32,2769.78,987860.55,renewed
560,485,POL-2020-00560,health,2020-07-30,2021-07-30,14968.52,4866.75,2018463.63,expired
561,464,POL-2022-00561,auto,2022-02-13,2023-02-13,13296.49,4564.49,828164.91,expired
562,166,POL-2021-00562,life,2021-05-19,2022-05-19,20531.76,0.0,1339415.95,expired
563,297,POL-2021-00563,life,2021-01-16,2022-01-16,44657.27,0.0,4108611.0,renewed
564,137,POL-2023-00564,auto,2023-06-13,2024-06-12,22165.17,3191.2,310696.55,expired
565,494,POL-2021-00565,health,2021-07-13,2022-07-13,29062.88,5741.17,1230587.77,renewed
566,382,POL-2025-00566,auto,2025-04-13,2026-04-13,12633.67,4848.98,675668.98,active
567,291,POL-2023-00567,health,2023-02-08,2024-02-08,18787.08,4794.51,523336.43,renewed
568,24,POL-2020-00568,health,2020-04-23,2021-04-23,34581.99,6903.63,2693632.29,expired
569,305,POL-2025-00569,auto,2025-04-12,2026-04-12,13260.37,4745.35,414026.16,active
570,180,POL-2020-00570,liability,2020-07-26,2021-07-26,13032.31,37709.66,6348905.6,renewed
571,135,POL-2023-00571,auto,2023-05-24,2024-05-23,12491.26,3399.41,733943.18,expired
572,142,POL-2022-00572,home,2022-11-28,2023-11-28,11869.42,5683.71,2436019.37,renewed
573,378,POL-2021-00573,health,2021-05-07,2022-05-07,30041.68,3853.18,536087.01,expired
574,110,POL-2021-00574,auto,2021-02-27,2022-02-27,12091.11,8409.57,429181.75,renewed
575,454,POL-2023-00575,health,2023-04-24,2024-04-23,11404.15,5212.67,2988522.65,renewed
576,279,POL-2020-00576,life,2020-09-05,2021-09-05,20609.54,0.0,3003474.92,renewed
577,253,POL-2023-00577,liability,2023-10-03,2024-10-02,11005.14,24647.66,1384515.07,renewed
578,119,POL-2025-00578,home,2025-06-22,2026-06-22,15317.4,19450.69,4585753.61,active
579,489,POL-2021-00579,liability,2021-06-26,2022-06-26,12791.17,44449.49,8369594.96,renewed
580,457,POL-2020-00580,home,2020-08-05,2021-08-05,5914.38,12480.02,3449180.53,expired
581,57,POL-2023-00581,health,2023-07-27,2024-07-26,32802.06,6219.44,525343.92,renewed
582,345,POL-2020-00582,health,2020-09-19,2021-09-19,34698.76,6463.1,2871931.01,expired
583,277,POL-2024-00583,life,2024-01-22,2025-01-21,45743.4,0.0,4484343.44,expired
584,462,POL-2020-00584,auto,2020-07-26,2021-07-26,14266.57,6191.89,299554.02,expired
585,403,POL-2025-00585,auto,2025-06-17,2026-06-17,23509.74,4991.94,376081.26,active
586,85,POL-2021-00586,home,2021-10-19,2022-10-19,19950.01,12930.36,2247164.13,renewed
587,186,POL-2020-00587,home,2020-01-03,2021-01-02,12531.99,11477.72,2952656.36,expired
588,428,POL-2020-00588,health,2020-04-06,2021-04-06,14025.06,5422.9,2520462.03,expired
589,369,POL-2022-00589,health,2022-01-11,2023-01-11,14635.44,4408.51,1331037.83,renewed
590,339,POL-2021-00590,health,2021-10-17,2022-10-17,14094.1,7511.51,625864.62,expired
591,414,POL-2020-00591,auto,2020-03-23,2021-03-23,16898.94,7380.9,486185.34,renewed
592,63,POL-2023-00592,auto,2023-01-25,2024-01-25,17735.97,3583.02,276609.48,expired
593,331,POL-2021-00593,health,2021-03-12,2022-03-12,20458.79,6375.45,665885.36,expired
594,267,POL-2022-00594,auto,2022-02-18,2023-02-18,14367.34,3455.54,630029.95,cancelled
595,87,POL-2020-00595,health,2020-08-10,2021-08-10,15933.01,7068.38,2587903.74,renewed
596,426,POL-2025-00596,home,2025-02-12,2026-02-12,10515.71,14004.82,881770.14,active
597,94,POL-2020-00597,home,2020-12-24,2021-12-24,11173.79,16440.06,2240174.14,cancelled
598,122,POL-2023-00598,auto,2023-06-19,2024-06-18,14194.53,7808.29,473363.44,expired
599,225,POL-2020-00599,auto,2020-01-01,2020-12-31,8092.14,6743.61,293316.73,expired
600,461,POL-2022-00600,auto,2022-04-24,2023-04-24,13596.29,4728.36,965510.88,expired
601,355,POL-2020-00601,auto,2020-09-22,2021-09-22,11218.21,4096.96,276703.63,renewed
602,218,POL-2022-00602,health,2022-09-09,2023-09-09,19790.74,7510.54,2333011.53,renewed
603,314,POL-2022-00603,health,2022-08-26,2023-08-26,18490.97,4535.1,742575.9,renewed
604,167,POL-2020-00604,home,2020-04-08,2021-04-08,15340.05,13427.7,2034959.18,cancelled
605,413,POL-2024-00605,liability,2024-01-02,2025-01-01,10229.78,28408.18,4111273.28,renewed
606,256,POL-2025-00606,health,2025-03-13,2026-03-13,22843.4,4553.26,2976561.93,active
607,393,POL-2021-00607,health,2021-06-05,2022-06-05,22923.91,2220.27,1819541.01,renewed
608,312,POL-2022-00608,health,2022-09-08,2023-09-08,31583.76,3575.24,2057186.64,renewed
609,254,POL-2023-00609,health,2023-03-14,2024-03-13,15845.16,4915.82,610362.87,expired
610,121,POL-2023-00610,home,2023-08-10,2024-08-09,19846.54,12588.8,2742457.21,renewed
611,106,POL-2020-00611,liability,2020-02-24,2021-02-23,11128.26,25830.67,3609159.65,expired
612,121,POL-2023-00612,auto,2023-07-09,2024-07-08,14493.81,7190.81,398142.4,renewed
613,87,POL-2021-00613,auto,2021-01-12,2022-01-12,11323.39,6054.51,555723.98,renewed
614,237,POL-2021-00614,auto,2021-01-18,2022-01-18,9928.34,6398.8,449279.24,renewed
615,348,POL-2021-00615,home,2021-02-23,2022-02-23,12349.03,17277.48,1515435.77,cancelled
616,3,POL-2020-00616,home,2020-08-15,2021-08-15,17572.51,13488.72,3380327.01,renewed
617,315,POL-2020-00617,auto,2020-06-02,2021-06-02,10839.65,3638.19,950049.86,renewed
618,451,POL-2022-00618,life,2022-03-29,2023-03-29,22165.2,0.0,2428069.2,renewed
619,211,POL-2024-00619,life,2024-05-18,2025-05-18,18875.9,0.0,1981313.46,renewed
620,45,POL-2020-00620,health,2020-08-29,2021-08-29,23598.58,7030.19,686574.08,renewed
621,198,POL-2020-00621,health,2020-01-20,2021-01-19,23839.47,3327.75,1984296.77,expired
622,152,POL-2020-00622,auto,2020-05-24,2021-05-24,19159.09,8249.46,247464.93,expired
623,64,POL-2020-00623,health,2020-09-23,2021-09-23,12599.18,7031.78,1901821.97,renewed
624,276,POL-2025-00624,liability,2025-02-18,2026-02-18,11636.25,47141.13,9170218.47,active
625,234,POL-2020-00625,life,2020-05-02,2021-05-02,43157.3,0.0,2115443.83,renewed
626,214,POL-2020-00626,life,2020-12-08,2021-12-08,20664.03,0.0,1355468.66,renewed
627,375,POL-2023-00627,health,2023-07-02,2024-07-01,31282.62,2940.64,2614872.5,renewed
628,259,POL-2020-00628,life,2020-02-20,2021-02-19,33602.48,0.0,2954962.0,renewed
629,437,POL-2020-00629,health,2020-09-10,2021-09-10,35957.21,2659.42,1993938.15,renewed
630,392,POL-2023-00630,auto,2023-09-30,2024-09-29,12247.02,6057.91,966089.86,renewed
631,146,POL-2021-00631,liability,2021-07-31,2022-07-31,7548.56,27096.96,4032529.58,renewed
632,184,POL-2022-00632,auto,2022-07-12,2023-07-12,22973.65,6162.49,427252.95,cancelled
633,388,POL-2025-00633,health,2025-06-08,2026-06-08,24845.46,6132.85,2431344.78,active
634,211,POL-2023-00634,life,2023-05-24,2024-05-23,32495.86,0.0,4771058.37,expired
635,71,POL-2021-00635,liability,2021-06-08,2022-06-08,10672.88,30802.05,2161440.31,renewed
636,498,POL-2021-00636,health,2021-08-17,2022-08-17,26601.95,6212.33,2702913.3,expired
637,449,POL-2025-00637,auto,2025-03-20,2026-03-20,12833.08,4431.32,436870.33,active
638,68,POL-2020-00638,health,2020-10-27,2021-10-27,36159.7,5951.43,2382772.99,renewed
639,330,POL-2024-00639,auto,2024-06-18,2025-06-18,10182.43,9833.71,361311.94,expired
640,315,POL-2022-00640,auto,2022-12-26,2023-12-26,18219.06,8312.9,834558.7,expired
641,373,POL-2021-00641,auto,2021-04-27,2022-04-27,10738.48,4453.78,201929.12,renewed
642,200,POL-2020-00642,liability,2020-02-13,2021-02-12,5505.07,35963.88,2906510.15,cancelled
643,369,POL-2023-00643,auto,2023-09-22,2024-09-21,24095.38,6740.0,325986.3,renewed
644,498,POL-2020-00644,home,2020-02-13,2021-02-12,10118.58,12917.3,3512660.85,renewed
645,389,POL-2020-00645,health,2020-11-17,2021-11-17,13433.58,4369.98,1666766.53,expired
646,216,POL-2021-00646,auto,2021-08-05,2022-08-05,23583.22,7194.02,510828.42,expired
647,409,POL-2020-00647,liability,2020-06-10,2021-06-10,9900.18,29795.83,9197968.63,renewed
648,388,POL-2023-00648,health,2023-11-08,2024-11-07,30702.9,4811.85,2209281.78,expired
649,422,POL-2020-00649,health,2020-03-23,2021-03-23,24724.95,3641.3,2168238.19,expired
650,187,POL-2021-00650,health,2021-02-06,2022-02-06,31386.15,3349.81,2347107.61,renewed
651,378,POL-2020-00651,health,2020-09-21,2021-09-21,35659.35,3497.14,2339949.46,renewed
652,99,POL-2023-00652,life,2023-10-19,2024-10-18,49711.95,0.0,1460110.41,renewed
653,295,POL-2023-00653,auto,2023-05-27,2024-05-26,12195.82,5433.7,805898.29,renewed
654,339,POL-2023-00654,home,2023-10-17,2024-10-16,18327.56,8818.21,3465766.55,cancelled
655,56,POL-2025-00655,auto,2025-05-14,2026-05-14,19301.52,8944.08,328371.73,active
656,336,POL-2020-00656,health,2020-08-28,2021-08-28,21222.72,5518.31,2787105.87,renewed
657,20,POL-2021-00657,auto,2021-06-11,2022-06-11,21140.92,3285.13,954232.61,renewed
658,141,POL-2021-00658,auto,2021-11-21,2022-11-21,10523.53,4255.59,801685.55,renewed
659,390,POL-2021-00659,auto,2021-07-30,2022-07-30,19071.11,4474.23,443168.21,renewed
660,384,POL-2021-00660,life,2021-05-11,2022-05-11,26985.23,0.0,2210766.19,expired
661,201,POL-2021-00661,auto,2021-01-17,2022-01-17,12659.15,9946.68,763710.82,expired
662,196,POL-2021-00662,auto,2021-07-05,2022-07-05,17980.11,6539.59,794293.27,expired
663,402,POL-2020-00663,health,2020-03-03,2021-03-03,25539.75,3553.01,2614464.6,cancelled
664,498,POL-2021-00664,auto,2021-01-16,2022-01-16,22679.36,4681.99,871899.43,expired
665,484,POL-2020-00665,auto,2020-09-21,2021-09-21,22518.94,4012.1,900350.59,renewed
666,344,POL-2021-00666,auto,2021-06-22,2022-06-22,24053.27,6067.25,752265.01,expired
667,60,POL-2021-00667,liability,2021-05-09,2022-05-09,13780.11,37972.5,5792320.72,renewed
668,424,POL-2022-00668,health,2022-05-11,2023-05-11,23307.09,6545.69,2922281.21,renewed
669,280,POL-2023-00669,life,2023-06-08,2024-06-07,41226.62,0.0,2916073.83,renewed
670,431,POL-2020-00670,auto,2020-01-12,2021-01-11,16732.88,4779.07,754380.17,renewed
671,135,POL-2023-00671,home,2023-12-19,2024-12-18,10236.24,8666.05,1703221.2,cancelled
672,45,POL-2021-00672,auto,2021-07-20,2022-07-20,12618.83,4119.04,785727.28,expired
673,155,POL-2023-00673,auto,2023-01-07,2024-01-07,9846.04,3070.75,772164.0,expired
674,425,POL-2021-00674,auto,2021-03-02,2022-03-02,10131.54,5883.48,881319.6,cancelled
675,43,POL-2020-00675,auto,2020-02-10,2021-02-09,12646.77,3020.1,542330.98,renewed
676,335,POL-2024-00676,auto,2024-12-28,2025-12-28,11427.02,7899.62,741803.71,renewed
677,119,POL-2024-00677,auto,2024-08-22,2025-08-22,21471.94,4840.4,297638.24,renewed
678,218,POL-2023-00678,health,2023-01-20,2024-01-20,34547.62,3236.56,1347579.85,expired
679,411,POL-2020-00679,health,2020-05-21,2021-05-21,10771.11,7499.84,1278456.86,expired
680,268,POL-2025-00680,health,2025-04-24,2026-04-24,25627.6,4261.5,1999449.14,active
681,377,POL-2023-00681,life,2023-09-02,2024-09-01,26635.57,0.0,1543143.3,renewed
682,204,POL-2020-00682,health,2020-09-20,2021-09-20,24309.9,3153.7,2611919.36,renewed
683,490,POL-2020-00683,home,2020-09-18,2021-09-18,11526.29,15245.78,1117390.14,renewed
684,391,POL-2024-00684,home,2024-08-25,2025-08-25,14907.98,18315.67,3172038.02,renewed
685,275,POL-2020-00685,health,2020-01-14,2021-01-13,38263.97,7315.85,1894882.46,renewed
686,352,POL-2021-00686,home,2021-10-10,2022-10-10,17272.24,11843.77,1757479.88,renewed
687,250,POL-2020-00687,auto,2020-01-22,2021-01-21,17463.39,4638.72,698404.46,renewed
688,285,POL-2020-00688,life,2020-05-05,2021-05-05,20837.9,0.0,3423909.03,renewed
689,90,POL-2020-00689,auto,2020-06-16,2021-06-16,13293.59,7412.33,701418.46,renewed
690,350,POL-2022-00690,health,2022-05-29,2023-05-29,23483.71,4361.4,1447574.42,renewed
691,96,POL-2020-00691,home,2020-11-03,2021-11-03,10841.67,5518.57,1738088.4,renewed
692,265,POL-2021-00692,health,2021-08-31,2022-08-31,35622.51,6776.4,745711.43,renewed
693,461,POL-2020-00693,life,2020-10-22,2021-10-22,42737.9,0.0,3394279.17,renewed
694,374,POL-2020-00694,home,2020-10-06,2021-10-06,6476.14,14163.35,2866393.54,expired
695,371,POL-2022-00695,home,2022-01-04,2023-01-04,9064.75,16660.89,4594896.98,expired
696,66,POL-2020-00696,home,2020-05-12,2021-05-12,11204.9,8650.33,697872.51,renewed
697,316,POL-2024-00697,health,2024-10-19,2025-10-19,19517.46,5857.33,2580171.02,renewed
698,371,POL-2023-00698,home,2023-04-08,2024-04-07,13744.83,11970.3,4897003.64,renewed
699,127,POL-2021-00699,liability,2021-05-24,2022-05-24,9575.28,24196.48,7506159.42,renewed
700,208,POL-2021-00700,home,2021-07-31,2022-07-31,14830.32,12574.58,2538617.51,expired
701,351,POL-2023-00701,health,2023-08-14,2024-08-13,21244.09,3962.23,2285855.25,renewed
702,56,POL-2022-00702,health,2022-03-14,2023-03-14,15701.23,5334.27,895254.47,renewed
703,183,POL-2022-00703,home,2022-07-22,2023-07-22,10693.87,18274.55,3977715.72,renewed
704,89,POL-2025-00704,liability,2025-05-04,2026-05-04,5015.23,21431.7,4042770.23,active
705,74,POL-2021-00705,auto,2021-06-04,2022-06-04,18781.16,4330.65,298805.01,expired
706,59,POL-2022-00706,life,2022-12-25,2023-12-25,16169.09,0.0,3233315.55,renewed
707,186,POL-2023-00707,auto,2023-12-08,2024-12-07,20659.75,6457.45,694721.95,renewed
708,55,POL-2025-00708,auto,2025-02-18,2026-02-18,8950.56,7453.2,986703.88,active
709,133,POL-2022-00709,health,2022-05-27,2023-05-27,31684.85,4035.51,2003045.33,cancelled
710,435,POL-2020-00710,auto,2020-01-29,2021-01-28,24209.52,9969.18,496748.74,expired
711,370,POL-2021-00711,health,2021-06-02,2022-06-02,20107.81,3400.23,1320195.55,expired
712,155,POL-2020-00712,auto,2020-05-01,2021-05-01,9448.77,5273.3,622759.92,cancelled
713,57,POL-2021-00713,home,2021-03-21,2022-03-21,14728.54,13452.18,3564348.2,expired
714,8,POL-2021-00714,liability,2021-02-15,2022-02-15,9000.81,11042.1,3954167.45,expired
715,26,POL-2020-00715,health,2020-05-08,2021-05-08,29565.36,4386.65,2504562.59,expired
716,95,POL-2025-00716,life,2025-06-10,2026-06-10,36301.48,0.0,3489379.74,active
717,270,POL-2020-00717,auto,2020-06-04,2021-06-04,10625.13,3867.3,941026.66,expired
718,216,POL-2022-00718,auto,2022-07-10,2023-07-10,16960.67,7870.49,453735.76,renewed
719,249,POL-2023-00719,home,2023-12-12,2024-12-11,17126.74,19810.1,2166473.64,renewed
720,305,POL-2022-00720,health,2022-07-29,2023-07-29,32491.94,7314.47,1373304.19,renewed
721,354,POL-2020-00721,health,2020-08-31,2021-08-31,32535.25,6746.01,1550311.26,renewed
722,199,POL-2020-00722,liability,2020-03-22,2021-03-22,13945.64,22358.78,9772834.0,expired
723,242,POL-2022-00723,auto,2022-03-03,2023-03-03,19846.79,7507.71,765398.87,renewed
724,5,POL-2021-00724,life,2021-08-24,2022-08-24,39787.66,0.0,3194207.93,expired
725,449,POL-2021-00725,health,2021-01-25,2022-01-25,31706.05,6285.8,2288275.44,renewed
726,125,POL-2021-00726,health,2021-09-17,2022-09-17,28958.77,6301.56,1693051.03,expired
727,30,POL-2021-00727,auto,2021-12-19,2022-12-19,23455.11,5497.55,340565.59,renewed
728,392,POL-2021-00728,liability,2021-09-01,2022-09-01,9454.16,16927.88,6378743.52,renewed
729,117,POL-2023-00729,liability,2023-02-05,2024-02-05,5985.11,48048.8,6050957.71,renewed
730,300,POL-2023-00730,auto,2023-11-14,2024-11-13,19987.76,9781.7,972463.44,renewed
731,89,POL-2023-00731,auto,2023-03-13,2024-03-12,18696.36,7184.22,243634.81,renewed
732,283,POL-2020-00732,auto,2020-12-07,2021-12-07,23418.24,6630.43,837513.39,expired
733,55,POL-2022-00733,health,2022-02-16,2023-02-16,35915.78,6452.3,2357878.61,renewed
734,298,POL-2021-00734,life,2021-03-11,2022-03-11,30906.16,0.0,1215385.44,renewed
735,285,POL-2021-00735,auto,2021-07-12,2022-07-12,24601.23,3038.51,774519.71,expired
736,15,POL-2025-00736,auto,2025-04-03,2026-04-03,8457.91,6873.61,989369.58,active
737,95,POL-2020-00737,life,2020-05-19,2021-05-19,18515.95,0.0,3398806.4,renewed
738,438,POL-2022-00738,auto,2022-12-26,2023-12-26,11891.87,4469.44,299108.96,expired
739,315,POL-2022-00739,auto,2022-11-25,2023-11-25,20555.04,9209.16,941270.18,expired
740,223,POL-2020-00740,health,2020-05-28,2021-05-28,38858.72,7774.07,1454797.21,expired
741,78,POL-2021-00741,auto,2021-02-01,2022-02-01,24654.26,4548.55,495314.15,expired
742,162,POL-2020-00742,home,2020-01-28,2021-01-27,7105.42,13760.33,2329867.12,renewed
743,17,POL-2020-00743,auto,2020-05-20,2021-05-20,9051.09,5637.38,848167.88,expired
744,369,POL-2024-00744,health,2024-05-08,2025-05-08,29960.25,3302.28,1258956.26,renewed
745,107,POL-2023-00745,liability,2023-06-05,2024-06-04,5732.9,49738.63,2040209.26,renewed
746,253,POL-2023-00746,life,2023-04-03,2024-04-02,22285.98,0.0,4026999.25,renewed
747,232,POL-2020-00747,health,2020-11-03,2021-11-03,19843.69,4879.07,1934451.87,expired
748,282,POL-2023-00748,health,2023-11-29,2024-11-28,24366.41,4012.62,1087320.45,expired
749,383,POL-2020-00749,auto,2020-09-04,2021-09-04,17722.34,3436.11,416415.68,expired
750,388,POL-2022-00750,auto,2022-12-25,2023-12-25,10504.69,9705.44,667513.96,renewed
751,483,POL-2021-00751,health,2021-07-27,2022-07-27,36891.4,4296.26,2225063.28,renewed
752,372,POL-2022-00752,auto,2022-10-06,2023-10-06,24243.97,9079.09,432669.24,expired
753,40,POL-2020-00753,life,2020-05-26,2021-05-26,44794.07,0.0,2802161.14,renewed
754,406,POL-2020-00754,health,2020-12-26,2021-12-26,30303.23,2815.82,1081828.7,renewed
755,158,POL-2020-00755,health,2020-06-03,2021-06-03,31386.42,6592.81,737202.95,renewed
756,300,POL-2022-00756,health,2022-02-23,2023-02-23,31848.97,5605.35,1896202.93,renewed
757,497,POL-2025-00757,health,2025-03-03,2026-03-03,34261.54,6465.64,2639521.01,active
758,374,POL-2020-00758,life,2020-02-15,2021-02-14,30725.33,0.0,4192170.94,renewed
759,347,POL-2021-00759,life,2021-03-02,2022-03-02,21887.97,0.0,1087219.11,renewed
760,171,POL-2021-00760,liability,2021-03-01,2022-03-01,7300.76,10229.24,2039372.86,renewed
761,34,POL-2024-00761,life,2024-09-26,2025-09-26,24059.85,0.0,3759760.12,renewed
762,460,POL-2020-00762,home,2020-01-14,2021-01-13,9873.95,7444.36,3464780.31,expired
763,376,POL-2020-00763,liability,2020-05-27,2021-05-27,8912.49,41838.99,9603858.42,renewed
764,133,POL-2024-00764,auto,2024-04-03,2025-04-03,14363.12,5407.36,204511.59,renewed
765,445,POL-2022-00765,life,2022-09-15,2023-09-15,34031.91,0.0,1694603.82,renewed
766,327,POL-2021-00766,health,2021-12-24,2022-12-24,28043.07,6891.59,670657.76,renewed
767,274,POL-2022-00767,health,2022-10-15,2023-10-15,15869.49,3283.11,995352.16,expired
768,144,POL-2020-00768,liability,2020-07-06,2021-07-06,3322.68,22771.61,2726737.51,expired
769,98,POL-2020-00769,life,2020-08-29,2021-08-29,21886.94,0.0,3423395.58,expired
770,465,POL-2021-00770,health,2021-07-13,2022-07-13,35394.86,5414.25,1224729.18,renewed
771,126,POL-2023-00771,health,2023-08-17,2024-08-16,39615.92,7274.58,992386.67,renewed
772,22,POL-2022-00772,health,2022-08-13,2023-08-13,35602.33,5665.24,1844264.96,renewed
773,121,POL-2021-00773,auto,2021-07-15,2022-07-15,20099.52,3356.68,907193.83,cancelled
774,307,POL-2021-00774,health,2021-03-18,2022-03-18,11637.67,3922.27,2072274.05,renewed
775,240,POL-2021-00775,life,2021-01-09,2022-01-09,47142.64,0.0,1957711.35,renewed
776,61,POL-2023-00776,health,2023-01-30,2024-01-30,28364.76,6438.65,2296646.07,renewed
777,183,POL-2020-00777,auto,2020-05-23,2021-05-23,23852.16,9394.8,837929.82,expired
778,353,POL-2021-00778,auto,2021-11-12,2022-11-12,12540.55,8802.52,315561.12,renewed
779,248,POL-2025-00779,health,2025-02-03,2026-02-03,12377.0,7447.1,2107699.19,active
780,312,POL-2022-00780,home,2022-02-11,2023-02-11,12969.82,11786.71,826661.42,renewed
781,13,POL-2020-00781,health,2020-11-17,2021-11-17,21604.69,3680.24,1506267.81,renewed
782,154,POL-2020-00782,health,2020-08-01,2021-08-01,39124.98,4751.5,1317549.28,renewed
783,105,POL-2020-00783,auto,2020-03-04,2021-03-04,23814.11,8114.96,479415.54,renewed
784,247,POL-2021-00784,life,2021-02-21,2022-02-21,22404.01,0.0,2444693.24,renewed
785,266,POL-2021-00785,health,2021-04-12,2022-04-12,29271.42,4929.51,830357.42,cancelled
786,6,POL-2021-00786,life,2021-07-01,2022-07-01,16905.41,0.0,3147313.6,renewed
787,181,POL-2021-00787,auto,2021-04-15,2022-04-15,10211.41,3257.98,326117.25,expired
788,185,POL-2021-00788,life,2021-02-12,2022-02-12,39794.71,0.0,2104519.47,renewed
789,376,POL-2021-00789,health,2021-06-28,2022-06-28,36913.3,6940.24,960519.29,renewed
790,497,POL-2020-00790,auto,2020-11-01,2021-11-01,23732.63,5087.51,872273.1,cancelled
791,466,POL-2023-00791,liability,2023-10-13,2024-10-12,4750.72,13168.78,9614972.34,renewed
792,149,POL-2021-00792,home,2021-07-18,2022-07-18,19174.95,5940.57,1035775.79,renewed
793,346,POL-2021-00793,health,2021-05-11,2022-05-11,11033.8,3345.41,1152026.84,expired
794,150,POL-2020-00794,auto,2020-03-24,2021-03-24,23270.01,5729.4,455530.98,renewed
795,229,POL-2023-00795,life,2023-09-27,2024-09-26,23917.0,0.0,3061457.4,renewed
796,278,POL-2020-00796,liability,2020-01-08,2021-01-07,10069.9,18458.85,7884884.61,renewed
797,50,POL-2020-00797,health,2020-12-17,2021-12-17,29745.81,7013.41,1015227.95,renewed
798,142,POL-2021-00798,health,2021-03-18,2022-03-18,15934.13,3696.5,1741014.51,expired
799,362,POL-2020-00799,health,2020-02-05,2021-02-04,14845.66,5596.27,2822351.09,cancelled
800,386,POL-2022-00800,health,2022-09-25,2023-09-25,10289.89,4604.89,723797.32,expired
